フォーマット区分,締切年月日,客先口座番号,カード体系区分,カードコード,特約店独自コード,提供先会員コード,提供先会員名称,インタンク区分,実車番・届先,車両・届先名称（カナ）,車両・届先名称,給油ＳＳコード,給油ＳＳ名称,給油日付,給油時刻,カード入力区分,販売形態,レシート番号,商品分類,商品コード,荷姿コード,商品名称,処理区分,値付区分,数量,換算後数量,単価（軽油税込）,単価（軽油税抜）,金額（軽油税込）,金額（軽油税抜）,消費税,合計金額,軽油税,陸運支局部,自動車識別登録番号,車種,車両番号,給油ＳＳ都道府県名,給油ＳＳ市郡区名,給油ＳＳ区町村名,管外区分,高速区分
0001,20250531,584108206874,1,584108206874000      ,       ,            ,株式会社関東隆商運輸　　　　　　　　　　　　　　,0,0000,                         ,　　　　　　　　　　　　　　　　　　　　　　　　,8410730,関東第１　営業２課　　　　　　,20250531,0000,1,4,000000,310,6449,00,洗車関連　　　　　　,3,0,+0000000.00,+0000000.00,+0000000.00,+0000000.00,-00004100,-00004100,-00000410,-00004510,+00000000,　　　　,   ,　,      ,埼玉県　,さいたま市　,大宮区桜木町,0,0
0001,20250531,584108206874,1,584108206874100      ,       ,            ,株式会社関東隆商運輸　　　　　　　　　　　　　　,0,0001,                         ,　　　　　　　　　　　　　　　　　　　　　　　　,3203825,鹿島屋　関越道下り三芳ＰＡ　　,20250506,1623,0,7,165401,112,0026,00,レギュラー　　　　　,0,1,+0000064.00,+0000064.00,+0000150.50,+0000150.50,+00009632,+00009632,+00000963,+00010595,+00000000,　　　　,   ,　,      ,埼玉県　,入間郡　　　,三芳町　　　,1,1
0001,20250531,584108206874,1,584108206874100      ,       ,            ,株式会社関東隆商運輸　　　　　　　　　　　　　　,0,0001,                         ,　　　　　　　　　　　　　　　　　　　　　　　　,4204533,高崎インター東ＴＳ　　　　　　,20250516,1236,0,2,336301,112,0026,00,レギュラー　　　　　,0,1,+0000038.99,+0000038.99,+0000148.50,+0000148.50,+00005790,+00005790,+00000579,+00006369,+00000000,　　　　,   ,　,      ,群馬県　,前橋市　　　,亀里町　　　,0,0
0001,20250531,584108206874,1,584108206874100      ,       ,            ,株式会社関東隆商運輸　　　　　　　　　　　　　　,0,0001,                         ,　　　　　　　　　　　　　　　　　　　　　　　　,4204533,高崎インター東ＴＳ　　　　　　,20250516,1237,0,0,336501,310,7318,00,プラスていねい洗車　,0,0,+0000001.00,+0000001.00,+0000500.00,+0000500.00,+00000455,+00000455,+00000045,+00000500,+00000000,　　　　,   ,　,      ,群馬県　,前橋市　　　,亀里町　　　,0,0
0001,20250531,584108206874,1,584108206874100      ,       ,            ,株式会社関東隆商運輸　　　　　　　　　　　　　　,0,0001,                         ,　　　　　　　　　　　　　　　　　　　　　　　　,4204533,高崎インター東ＴＳ　　　　　　,20250516,1237,0,0,336502,310,6490,00,フルセットコース　　,0,0,+0000001.00,+0000001.00,+0000500.00,+0000500.00,+00000455,+00000455,+00000045,+00000500,+00000000,　　　　,   ,　,      ,群馬県　,前橋市　　　,亀里町　　　,0,0
0001,20250531,584108206874,1,584108206874100      ,       ,            ,株式会社関東隆商運輸　　　　　　　　　　　　　　,0,0001,                         ,　　　　　　　　　　　　　　　　　　　　　　　　,4204533,高崎インター東ＴＳ　　　　　　,20250523,1417,0,0,601701,310,7199,00,セルフ）シャンプー洗,0,1,+0000001.00,+0000001.00,+0000272.70,+0000272.70,+00000272,+00000272,+00000027,+00000299,+00000000,　　　　,   ,　,      ,群馬県　,前橋市　　　,亀里町　　　,0,0
0001,20250531,584108206874,1,584108206874100      ,       ,            ,株式会社関東隆商運輸　　　　　　　　　　　　　　,0,0001,                         ,　　　　　　　　　　　　　　　　　　　　　　　　,4204533,高崎インター東ＴＳ　　　　　　,20250523,1417,0,0,601702,310,6446,00,泡洗浄　　　　　　　,0,0,+0000001.00,+0000001.00,+0000200.00,+0000200.00,+00000182,+00000182,+00000018,+00000200,+00000000,　　　　,   ,　,      ,群馬県　,前橋市　　　,亀里町　　　,0,0
0001,20250531,584108206874,1,584108206874100      ,       ,            ,株式会社関東隆商運輸　　　　　　　　　　　　　　,0,0001,                         ,　　　　　　　　　　　　　　　　　　　　　　　　,4204533,高崎インター東ＴＳ　　　　　　,20250523,1438,0,2,602501,112,0026,00,レギュラー　　　　　,0,1,+0000053.86,+0000053.86,+0000148.50,+0000148.50,+00007998,+00007998,+00000800,+00008798,+00000000,　　　　,   ,　,      ,群馬県　,前橋市　　　,亀里町　　　,0,0
0001,20250531,584108206874,1,584108206874100      ,       ,            ,株式会社関東隆商運輸　　　　　　　　　　　　　　,0,0575,                         ,　　　　　　　　　　　　　　　　　　　　　　　　,4204533,高崎インター東ＴＳ　　　　　　,20250506,2217,0,0,682001,130,0216,00,軽油　　　　　　　　,0,1,+0000147.00,+0000147.00,+0000124.70,+0000092.60,+00018330,+00013612,+00001361,+00019691,+00004718,　　　　,   ,　,      ,群馬県　,前橋市　　　,亀里町　　　,0,0
0001,20250531,584108206874,1,584108206874100      ,       ,            ,株式会社関東隆商運輸　　　　　　　　　　　　　　,0,0575,                         ,　　　　　　　　　　　　　　　　　　　　　　　　,4204533,高崎インター東ＴＳ　　　　　　,20250514,2252,0,0,277101,130,0216,00,軽油　　　　　　　　,0,1,+0000115.00,+0000115.00,+0000124.70,+0000092.60,+00014340,+00010649,+00001065,+00015405,+00003691,　　　　,   ,　,      ,群馬県　,前橋市　　　,亀里町　　　,0,0
0001,20250531,584108206874,1,584108206874100      ,       ,            ,株式会社関東隆商運輸　　　　　　　　　　　　　　,0,0715,                         ,　　　　　　　　　　　　　　　　　　　　　　　　,4204533,高崎インター東ＴＳ　　　　　　,20250511,2200,0,2,165301,112,0026,00,レギュラー　　　　　,0,1,+0000038.41,+0000038.41,+0000148.50,+0000148.50,+00005703,+00005703,+00000570,+00006273,+00000000,　　　　,   ,　,      ,群馬県　,前橋市　　　,亀里町　　　,0,0
0001,20250531,584108206874,1,584108206874100      ,       ,            ,株式会社関東隆商運輸　　　　　　　　　　　　　　,0,0715,                         ,　　　　　　　　　　　　　　　　　　　　　　　　,3206323,ルート１２２白岡菖蒲インターＴ,20250513,1923,0,2,193201,112,0026,00,レギュラー　　　　　,0,1,+0000051.22,+0000051.22,+0000148.50,+0000148.50,+00007606,+00007606,+00000761,+00008367,+00000000,　　　　,   ,　,      ,埼玉県　,加須市　　　,鴻茎　　　　,0,0
0001,20250531,584108206874,1,584108206874100      ,       ,            ,株式会社関東隆商運輸　　　　　　　　　　　　　　,0,0715,                         ,　　　　　　　　　　　　　　　　　　　　　　　　,4204533,高崎インター東ＴＳ　　　　　　,20250515,2030,0,2,313901,112,0026,00,レギュラー　　　　　,0,1,+0000036.04,+0000036.04,+0000148.50,+0000148.50,+00005351,+00005351,+00000535,+00005886,+00000000,　　　　,   ,　,      ,群馬県　,前橋市　　　,亀里町　　　,0,0
0001,20250531,584108206874,1,584108206874100      ,       ,            ,株式会社関東隆商運輸　　　　　　　　　　　　　　,0,0715,                         ,　　　　　　　　　　　　　　　　　　　　　　　　,3206208,東北道蓮田ＳＡ上ＳＳ　　　　　,20250519,1645,0,3,509601,112,0026,00,レギュラー　　　　　,0,1,+0000041.00,+0000041.00,+0000148.50,+0000148.50,+00006088,+00006088,+00000609,+00006697,+00000000,　　　　,   ,　,      ,埼玉県　,蓮田市　　　,大字川島　　,0,1
0001,20250531,584108206874,1,584108206874100      ,       ,            ,株式会社関東隆商運輸　　　　　　　　　　　　　　,0,0715,                         ,　　　　　　　　　　　　　　　　　　　　　　　　,4204533,高崎インター東ＴＳ　　　　　　,20250521,2003,0,2,535901,112,0026,00,レギュラー　　　　　,0,1,+0000044.50,+0000044.50,+0000148.50,+0000148.50,+00006608,+00006608,+00000661,+00007269,+00000000,　　　　,   ,　,      ,群馬県　,前橋市　　　,亀里町　　　,0,0
0001,20250531,584108206874,1,584108206874100      ,       ,            ,株式会社関東隆商運輸　　　　　　　　　　　　　　,0,0715,                         ,　　　　　　　　　　　　　　　　　　　　　　　　,3206208,東北道蓮田ＳＡ上ＳＳ　　　　　,20250526,1611,0,3,220701,112,0026,00,レギュラー　　　　　,0,1,+0000045.03,+0000045.03,+0000148.50,+0000148.50,+00006686,+00006686,+00000669,+00007355,+00000000,　　　　,   ,　,      ,埼玉県　,蓮田市　　　,大字川島　　,0,1
0001,20250531,584108206874,1,584108206874100      ,       ,            ,株式会社関東隆商運輸　　　　　　　　　　　　　　,0,0715,                         ,　　　　　　　　　　　　　　　　　　　　　　　　,3203825,鹿島屋　関越道下り三芳ＰＡ　　,20250527,2025,0,7,058401,112,0026,00,レギュラー　　　　　,0,1,+0000038.00,+0000038.00,+0000150.50,+0000150.50,+00005719,+00005719,+00000572,+00006291,+00000000,　　　　,   ,　,      ,埼玉県　,入間郡　　　,三芳町　　　,1,1
0001,20250531,584108206874,1,584108206874100      ,       ,            ,株式会社関東隆商運輸　　　　　　　　　　　　　　,0,0715,                         ,　　　　　　　　　　　　　　　　　　　　　　　　,0101437,安中下りＴＳ　　　　　　　　　,20250530,0317,0,2,730301,112,0026,00,レギュラー　　　　　,0,1,+0000048.85,+0000048.85,+0000148.50,+0000148.50,+00007254,+00007254,+00000725,+00007979,+00000000,　　　　,   ,　,      ,群馬県　,安中市　　　,郷原　　　　,0,0
0001,20250531,584108206874,1,584108206874100      ,       ,            ,株式会社関東隆商運輸　　　　　　　　　　　　　　,0,1037,                         ,　　　　　　　　　　　　　　　　　　　　　　　　,4204533,高崎インター東ＴＳ　　　　　　,20250515,2140,0,0,316101,130,0216,00,軽油　　　　　　　　,0,1,+0000170.00,+0000170.00,+0000124.70,+0000092.60,+00021199,+00015742,+00001574,+00022773,+00005457,　　　　,   ,　,      ,群馬県　,前橋市　　　,亀里町　　　,0,0
0001,20250531,584108206874,1,584108206874100      ,       ,            ,株式会社関東隆商運輸　　　　　　　　　　　　　　,0,1037,                         ,　　　　　　　　　　　　　　　　　　　　　　　　,4204533,高崎インター東ＴＳ　　　　　　,20250515,2149,0,0,316401,310,8790,00,大型洗車　　　　　　,0,1,+0000001.00,+0000001.00,+0000100.00,+0000100.00,+00000100,+00000100,+00000010,+00000110,+00000000,　　　　,   ,　,      ,群馬県　,前橋市　　　,亀里町　　　,0,0
0001,20250531,584108206874,1,584108206874100      ,       ,            ,株式会社関東隆商運輸　　　　　　　　　　　　　　,0,1037,                         ,　　　　　　　　　　　　　　　　　　　　　　　　,4204533,高崎インター東ＴＳ　　　　　　,20250517,2054,0,0,392001,130,0216,00,軽油　　　　　　　　,0,1,+0000180.00,+0000180.00,+0000124.70,+0000092.60,+00022446,+00016668,+00001667,+00024113,+00005778,　　　　,   ,　,      ,群馬県　,前橋市　　　,亀里町　　　,0,0
0001,20250531,584108206874,1,584108206874100      ,       ,            ,株式会社関東隆商運輸　　　　　　　　　　　　　　,0,1037,                         ,　　　　　　　　　　　　　　　　　　　　　　　　,4204533,高崎インター東ＴＳ　　　　　　,20250517,2059,0,0,393101,310,8790,00,大型洗車　　　　　　,0,1,+0000001.00,+0000001.00,+0000100.00,+0000100.00,+00000100,+00000100,+00000010,+00000110,+00000000,　　　　,   ,　,      ,群馬県　,前橋市　　　,亀里町　　　,0,0
0001,20250531,584108206874,1,584108206874100      ,       ,            ,株式会社関東隆商運輸　　　　　　　　　　　　　　,0,1055,                         ,　　　　　　　　　　　　　　　　　　　　　　　　,4204533,高崎インター東ＴＳ　　　　　　,20250507,1601,0,0,707301,130,0216,00,軽油　　　　　　　　,0,1,+0000285.00,+0000285.00,+0000124.70,+0000092.60,+00035539,+00026391,+00002639,+00038178,+00009148,　　　　,   ,　,      ,群馬県　,前橋市　　　,亀里町　　　,0,0
0001,20250531,584108206874,1,584108206874100      ,       ,            ,株式会社関東隆商運輸　　　　　　　　　　　　　　,0,1055,                         ,　　　　　　　　　　　　　　　　　　　　　　　　,4204533,高崎インター東ＴＳ　　　　　　,20250514,1610,0,0,264901,130,0216,00,軽油　　　　　　　　,0,1,+0000227.00,+0000227.00,+0000124.70,+0000092.60,+00028306,+00021020,+00002102,+00030408,+00007286,　　　　,   ,　,      ,群馬県　,前橋市　　　,亀里町　　　,0,0
0001,20250531,584108206874,1,584108206874100      ,       ,            ,株式会社関東隆商運輸　　　　　　　　　　　　　　,0,1055,                         ,　　　　　　　　　　　　　　　　　　　　　　　　,4204533,高崎インター東ＴＳ　　　　　　,20250516,1558,0,0,344401,130,0216,00,軽油　　　　　　　　,0,1,+0000260.00,+0000260.00,+0000124.70,+0000092.60,+00032422,+00024076,+00002408,+00034830,+00008346,　　　　,   ,　,      ,群馬県　,前橋市　　　,亀里町　　　,0,0
0001,20250531,584108206874,1,584108206874100      ,       ,            ,株式会社関東隆商運輸　　　　　　　　　　　　　　,0,1055,                         ,　　　　　　　　　　　　　　　　　　　　　　　　,4204533,高崎インター東ＴＳ　　　　　　,20250521,1555,0,0,525801,130,0216,00,軽油　　　　　　　　,0,1,+0000294.00,+0000294.00,+0000124.70,+0000092.60,+00036661,+00027224,+00002722,+00039383,+00009437,　　　　,   ,　,      ,群馬県　,前橋市　　　,亀里町　　　,0,0
0001,20250531,584108206874,1,584108206874100      ,       ,            ,株式会社関東隆商運輸　　　　　　　　　　　　　　,0,1101,                         ,　　　　　　　　　　　　　　　　　　　　　　　　,0090911,栃木小山ＴＳ　　　　　　　　　,20250513,1943,0,0,633701,130,0216,00,軽油　　　　　　　　,0,1,+0000277.00,+0000277.00,+0000124.70,+0000092.60,+00034541,+00025650,+00002565,+00037106,+00008891,　　　　,   ,　,      ,栃木県　,小山市　　　,大字鉢形　　,0,0
0001,20250531,584108206874,1,584108206874100      ,       ,            ,株式会社関東隆商運輸　　　　　　　　　　　　　　,0,1101,                         ,　　　　　　　　　　　　　　　　　　　　　　　　,0090911,栃木小山ＴＳ　　　　　　　　　,20250527,1959,0,0,006201,130,0216,00,軽油　　　　　　　　,0,1,+0000286.00,+0000286.00,+0000124.70,+0000092.60,+00035664,+00026484,+00002648,+00038312,+00009180,　　　　,   ,　,      ,栃木県　,小山市　　　,大字鉢形　　,0,0
0001,20250531,584108206874,1,584108206874100      ,       ,            ,株式会社関東隆商運輸　　　　　　　　　　　　　　,0,1105,                         ,　　　　　　　　　　　　　　　　　　　　　　　　,4103503,佐野藤岡インタ−ＴＳ　　　　　,20250501,0711,0,0,570301,130,0216,00,軽油　　　　　　　　,0,1,+0000140.00,+0000140.00,+0000124.70,+0000092.60,+00017458,+00012964,+00001296,+00018754,+00004494,　　　　,   ,　,      ,栃木県　,栃木市　　　,藤岡町　　　,0,0
0001,20250531,584108206874,1,584108206874100      ,       ,            ,株式会社関東隆商運輸　　　　　　　　　　　　　　,0,1105,                         ,　　　　　　　　　　　　　　　　　　　　　　　　,4204533,高崎インター東ＴＳ　　　　　　,20250505,0307,0,0,633501,130,0216,00,軽油　　　　　　　　,0,1,+0000070.00,+0000070.00,+0000124.70,+0000092.60,+00008729,+00006482,+00000648,+00009377,+00002247,　　　　,   ,　,      ,群馬県　,前橋市　　　,亀里町　　　,0,0
0001,20250531,584108206874,1,584108206874100      ,       ,            ,株式会社関東隆商運輸　　　　　　　　　　　　　　,0,1105,                         ,　　　　　　　　　　　　　　　　　　　　　　　　,4204533,高崎インター東ＴＳ　　　　　　,20250506,0319,0,0,661701,130,0216,00,軽油　　　　　　　　,0,1,+0000072.00,+0000072.00,+0000124.70,+0000092.60,+00008978,+00006667,+00000667,+00009645,+00002311,　　　　,   ,　,      ,群馬県　,前橋市　　　,亀里町　　　,0,0
0001,20250531,584108206874,1,584108206874100      ,       ,            ,株式会社関東隆商運輸　　　　　　　　　　　　　　,0,1105,                         ,　　　　　　　　　　　　　　　　　　　　　　　　,4204533,高崎インター東ＴＳ　　　　　　,20250507,0300,0,0,684401,130,0216,00,軽油　　　　　　　　,0,1,+0000073.00,+0000073.00,+0000124.70,+0000092.60,+00009103,+00006760,+00000676,+00009779,+00002343,　　　　,   ,　,      ,群馬県　,前橋市　　　,亀里町　　　,0,0
0001,20250531,584108206874,1,584108206874100      ,       ,            ,株式会社関東隆商運輸　　　　　　　　　　　　　　,0,1105,                         ,　　　　　　　　　　　　　　　　　　　　　　　　,4204533,高崎インター東ＴＳ　　　　　　,20250510,0322,0,0,102901,130,0216,00,軽油　　　　　　　　,0,1,+0000078.00,+0000078.00,+0000124.70,+0000092.60,+00009726,+00007223,+00000722,+00010448,+00002503,　　　　,   ,　,      ,群馬県　,前橋市　　　,亀里町　　　,0,0
0001,20250531,584108206874,1,584108206874100      ,       ,            ,株式会社関東隆商運輸　　　　　　　　　　　　　　,0,1105,                         ,　　　　　　　　　　　　　　　　　　　　　　　　,3206372,上武道深谷バイパスＴＳ　　　　,20250512,2233,0,0,219501,130,0216,00,軽油　　　　　　　　,0,1,+0000120.00,+0000120.00,+0000124.70,+0000092.60,+00014964,+00011112,+00001111,+00016075,+00003852,　　　　,   ,　,      ,埼玉県　,熊谷市　　　,西別府　　　,0,0
0001,20250531,584108206874,1,584108206874100      ,       ,            ,株式会社関東隆商運輸　　　　　　　　　　　　　　,0,1105,                         ,　　　　　　　　　　　　　　　　　　　　　　　　,4204533,高崎インター東ＴＳ　　　　　　,20250517,0252,0,0,363401,130,0216,00,軽油　　　　　　　　,0,1,+0000117.00,+0000117.00,+0000124.70,+0000092.60,+00014589,+00010834,+00001083,+00015672,+00003755,　　　　,   ,　,      ,群馬県　,前橋市　　　,亀里町　　　,0,0
0001,20250531,584108206874,1,584108206874100      ,       ,            ,株式会社関東隆商運輸　　　　　　　　　　　　　　,0,1105,                         ,　　　　　　　　　　　　　　　　　　　　　　　　,4204533,高崎インター東ＴＳ　　　　　　,20250523,0305,0,0,583501,130,0216,00,軽油　　　　　　　　,0,1,+0000133.00,+0000133.00,+0000124.70,+0000092.60,+00016585,+00012316,+00001232,+00017817,+00004269,　　　　,   ,　,      ,群馬県　,前橋市　　　,亀里町　　　,0,0
0001,20250531,584108206874,1,584108206874100      ,       ,            ,株式会社関東隆商運輸　　　　　　　　　　　　　　,0,1105,                         ,　　　　　　　　　　　　　　　　　　　　　　　　,4204533,高崎インター東ＴＳ　　　　　　,20250524,0241,0,0,625001,130,0216,00,軽油　　　　　　　　,0,1,+0000077.00,+0000077.00,+0000124.70,+0000092.60,+00009601,+00007130,+00000713,+00010314,+00002471,　　　　,   ,　,      ,群馬県　,前橋市　　　,亀里町　　　,0,0
0001,20250531,584108206874,1,584108206874100      ,       ,            ,株式会社関東隆商運輸　　　　　　　　　　　　　　,0,1107,                         ,　　　　　　　　　　　　　　　　　　　　　　　　,4204533,高崎インター東ＴＳ　　　　　　,20250430,2138,0,0,491001,130,0216,00,軽油　　　　　　　　,0,1,+0000294.00,+0000294.00,+0000131.20,+0000099.10,+00038572,+00029135,+00002914,+00041486,+00009437,　　　　,   ,　,      ,群馬県　,前橋市　　　,亀里町　　　,0,0
0001,20250531,584108206874,1,584108206874100      ,       ,            ,株式会社関東隆商運輸　　　　　　　　　　　　　　,0,1107,                         ,　　　　　　　　　　　　　　　　　　　　　　　　,4204533,高崎インター東ＴＳ　　　　　　,20250504,2049,0,0,627301,130,0216,00,軽油　　　　　　　　,0,1,+0000116.00,+0000116.00,+0000124.70,+0000092.60,+00014465,+00010742,+00001074,+00015539,+00003723,　　　　,   ,　,      ,群馬県　,前橋市　　　,亀里町　　　,0,0
0001,20250531,584108206874,1,584108206874100      ,       ,            ,株式会社関東隆商運輸　　　　　　　　　　　　　　,0,1107,                         ,　　　　　　　　　　　　　　　　　　　　　　　　,4204533,高崎インター東ＴＳ　　　　　　,20250504,2055,0,0,627501,310,8790,00,大型洗車　　　　　　,0,1,+0000001.00,+0000001.00,+0000100.00,+0000100.00,+00000100,+00000100,+00000010,+00000110,+00000000,　　　　,   ,　,      ,群馬県　,前橋市　　　,亀里町　　　,0,0
0001,20250531,584108206874,1,584108206874100      ,       ,            ,株式会社関東隆商運輸　　　　　　　　　　　　　　,0,1107,                         ,　　　　　　　　　　　　　　　　　　　　　　　　,4204533,高崎インター東ＴＳ　　　　　　,20250509,2246,0,0,799401,130,0216,00,軽油　　　　　　　　,0,1,+0000317.00,+0000317.00,+0000124.70,+0000092.60,+00039529,+00029354,+00002935,+00042464,+00010175,　　　　,   ,　,      ,群馬県　,前橋市　　　,亀里町　　　,0,0
0001,20250531,584108206874,1,584108206874100      ,       ,            ,株式会社関東隆商運輸　　　　　　　　　　　　　　,0,1107,                         ,　　　　　　　　　　　　　　　　　　　　　　　　,4204533,高崎インター東ＴＳ　　　　　　,20250512,2220,0,0,199001,130,0216,00,軽油　　　　　　　　,0,1,+0000220.00,+0000220.00,+0000124.70,+0000092.60,+00027434,+00020372,+00002037,+00029471,+00007062,　　　　,   ,　,      ,群馬県　,前橋市　　　,亀里町　　　,0,0
0001,20250531,584108206874,1,584108206874100      ,       ,            ,株式会社関東隆商運輸　　　　　　　　　　　　　　,0,1107,                         ,　　　　　　　　　　　　　　　　　　　　　　　　,4204533,高崎インター東ＴＳ　　　　　　,20250516,2211,0,0,358001,130,0216,00,軽油　　　　　　　　,0,1,+0000179.00,+0000179.00,+0000124.70,+0000092.60,+00022321,+00016576,+00001658,+00023979,+00005745,　　　　,   ,　,      ,群馬県　,前橋市　　　,亀里町　　　,0,0
0001,20250531,584108206874,1,584108206874100      ,       ,            ,株式会社関東隆商運輸　　　　　　　　　　　　　　,0,1107,                         ,　　　　　　　　　　　　　　　　　　　　　　　　,4204533,高崎インター東ＴＳ　　　　　　,20250520,2126,0,0,497801,130,0216,00,軽油　　　　　　　　,0,1,+0000303.00,+0000303.00,+0000124.70,+0000092.60,+00037784,+00028058,+00002806,+00040590,+00009726,　　　　,   ,　,      ,群馬県　,前橋市　　　,亀里町　　　,0,0
0001,20250531,584108206874,1,584108206874100      ,       ,            ,株式会社関東隆商運輸　　　　　　　　　　　　　　,0,1107,                         ,　　　　　　　　　　　　　　　　　　　　　　　　,4204533,高崎インター東ＴＳ　　　　　　,20250523,2228,0,0,619401,130,0216,00,軽油　　　　　　　　,0,1,+0000268.00,+0000268.00,+0000124.70,+0000092.60,+00033419,+00024817,+00002482,+00035901,+00008602,　　　　,   ,　,      ,群馬県　,前橋市　　　,亀里町　　　,0,0
0001,20250531,584108206874,1,584108206874100      ,       ,            ,株式会社関東隆商運輸　　　　　　　　　　　　　　,0,1107,                         ,　　　　　　　　　　　　　　　　　　　　　　　　,3206372,上武道深谷バイパスＴＳ　　　　,20250527,2019,0,0,505201,130,0216,00,軽油　　　　　　　　,0,1,+0000293.00,+0000293.00,+0000124.70,+0000092.60,+00036537,+00027132,+00002713,+00039250,+00009405,　　　　,   ,　,      ,埼玉県　,熊谷市　　　,西別府　　　,0,0
0001,20250531,584108206874,1,584108206874100      ,       ,            ,株式会社関東隆商運輸　　　　　　　　　　　　　　,0,1127,                         ,　　　　　　　　　　　　　　　　　　　　　　　　,0101437,安中下りＴＳ　　　　　　　　　,20250503,1703,0,0,427801,130,0216,00,軽油　　　　　　　　,0,1,+0000243.00,+0000243.00,+0000124.70,+0000092.60,+00030302,+00022502,+00002250,+00032552,+00007800,　　　　,   ,　,      ,群馬県　,安中市　　　,郷原　　　　,0,0
0001,20250531,584108206874,1,584108206874100      ,       ,            ,株式会社関東隆商運輸　　　　　　　　　　　　　　,0,1127,                         ,　　　　　　　　　　　　　　　　　　　　　　　　,0101437,安中下りＴＳ　　　　　　　　　,20250503,1707,0,0,428901,310,8790,00,大型洗車　　　　　　,0,1,+0000001.00,+0000001.00,+0000100.00,+0000100.00,+00000100,+00000100,+00000010,+00000110,+00000000,　　　　,   ,　,      ,群馬県　,安中市　　　,郷原　　　　,0,0
0001,20250531,584108206874,1,584108206874100      ,       ,            ,株式会社関東隆商運輸　　　　　　　　　　　　　　,0,1127,                         ,　　　　　　　　　　　　　　　　　　　　　　　　,5202759,岐阜羽島インターＴＳ　　　　　,20250504,1637,0,0,715401,130,0216,00,軽油　　　　　　　　,0,1,+0000138.00,+0000138.00,+0000124.70,+0000092.60,+00017208,+00012779,+00001278,+00018486,+00004429,　　　　,   ,　,      ,岐阜県　,羽島市　　　,上中町　　　,0,0
0001,20250531,584108206874,1,584108206874100      ,       ,            ,株式会社関東隆商運輸　　　　　　　　　　　　　　,0,1127,                         ,　　　　　　　　　　　　　　　　　　　　　　　　,5202759,岐阜羽島インターＴＳ　　　　　,20250504,1640,0,0,715601,310,8790,00,大型洗車　　　　　　,0,1,+0000001.00,+0000001.00,+0000100.00,+0000100.00,+00000100,+00000100,+00000010,+00000110,+00000000,　　　　,   ,　,      ,岐阜県　,羽島市　　　,上中町　　　,0,0
0001,20250531,584108206874,1,584108206874100      ,       ,            ,株式会社関東隆商運輸　　　　　　　　　　　　　　,0,1127,                         ,　　　　　　　　　　　　　　　　　　　　　　　　,5202759,岐阜羽島インターＴＳ　　　　　,20250506,1611,0,0,795001,130,0216,00,軽油　　　　　　　　,0,1,+0000152.00,+0000152.00,+0000124.70,+0000092.60,+00018954,+00014075,+00001408,+00020362,+00004879,　　　　,   ,　,      ,岐阜県　,羽島市　　　,上中町　　　,0,0
0001,20250531,584108206874,1,584108206874100      ,       ,            ,株式会社関東隆商運輸　　　　　　　　　　　　　　,0,1127,                         ,　　　　　　　　　　　　　　　　　　　　　　　　,5202759,岐阜羽島インターＴＳ　　　　　,20250506,1613,0,0,795301,310,8790,00,大型洗車　　　　　　,0,1,+0000001.00,+0000001.00,+0000100.00,+0000100.00,+00000100,+00000100,+00000010,+00000110,+00000000,　　　　,   ,　,      ,岐阜県　,羽島市　　　,上中町　　　,0,0
0001,20250531,584108206874,1,584108206874100      ,       ,            ,株式会社関東隆商運輸　　　　　　　　　　　　　　,0,1127,                         ,　　　　　　　　　　　　　　　　　　　　　　　　,0101437,安中下りＴＳ　　　　　　　　　,20250510,1700,0,0,199201,130,0216,00,軽油　　　　　　　　,0,1,+0000256.00,+0000256.00,+0000124.70,+0000092.60,+00031923,+00023706,+00002371,+00034294,+00008217,　　　　,   ,　,      ,群馬県　,安中市　　　,郷原　　　　,0,0
0001,20250531,584108206874,1,584108206874100      ,       ,            ,株式会社関東隆商運輸　　　　　　　　　　　　　　,0,1127,                         ,　　　　　　　　　　　　　　　　　　　　　　　　,0101437,安中下りＴＳ　　　　　　　　　,20250510,1710,0,0,200301,310,8790,00,大型洗車　　　　　　,0,1,+0000001.00,+0000001.00,+0000100.00,+0000100.00,+00000100,+00000100,+00000010,+00000110,+00000000,　　　　,   ,　,      ,群馬県　,安中市　　　,郷原　　　　,0,0
0001,20250531,584108206874,1,584108206874100      ,       ,            ,株式会社関東隆商運輸　　　　　　　　　　　　　　,0,1127,                         ,　　　　　　　　　　　　　　　　　　　　　　　　,0101437,安中下りＴＳ　　　　　　　　　,20250510,1710,0,0,200302,310,6447,00,その他洗車オプション,0,1,+0000001.00,+0000001.00,+0000100.00,+0000100.00,+00000100,+00000100,+00000010,+00000110,+00000000,　　　　,   ,　,      ,群馬県　,安中市　　　,郷原　　　　,0,0
0001,20250531,584108206874,1,584108206874100      ,       ,            ,株式会社関東隆商運輸　　　　　　　　　　　　　　,0,1127,                         ,　　　　　　　　　　　　　　　　　　　　　　　　,5202759,岐阜羽島インターＴＳ　　　　　,20250511,1529,0,0,315901,130,0216,00,軽油　　　　　　　　,0,1,+0000126.00,+0000126.00,+0000124.70,+0000092.60,+00015712,+00011668,+00001167,+00016879,+00004044,　　　　,   ,　,      ,岐阜県　,羽島市　　　,上中町　　　,0,0
0001,20250531,584108206874,1,584108206874100      ,       ,            ,株式会社関東隆商運輸　　　　　　　　　　　　　　,0,1127,                         ,　　　　　　　　　　　　　　　　　　　　　　　　,5202759,岐阜羽島インターＴＳ　　　　　,20250511,1537,0,0,316401,310,8790,00,大型洗車　　　　　　,0,1,+0000001.00,+0000001.00,+0000100.00,+0000100.00,+00000100,+00000100,+00000010,+00000110,+00000000,　　　　,   ,　,      ,岐阜県　,羽島市　　　,上中町　　　,0,0
0001,20250531,584108206874,1,584108206874100      ,       ,            ,株式会社関東隆商運輸　　　　　　　　　　　　　　,0,1127,                         ,　　　　　　　　　　　　　　　　　　　　　　　　,5202759,岐阜羽島インターＴＳ　　　　　,20250513,1622,0,0,414501,130,0216,00,軽油　　　　　　　　,0,1,+0000142.00,+0000142.00,+0000124.70,+0000092.60,+00017707,+00013149,+00001315,+00019022,+00004558,　　　　,   ,　,      ,岐阜県　,羽島市　　　,上中町　　　,0,0
0001,20250531,584108206874,1,584108206874100      ,       ,            ,株式会社関東隆商運輸　　　　　　　　　　　　　　,0,1127,                         ,　　　　　　　　　　　　　　　　　　　　　　　　,5202759,岐阜羽島インターＴＳ　　　　　,20250513,1630,0,0,415201,310,8790,00,大型洗車　　　　　　,0,1,+0000001.00,+0000001.00,+0000100.00,+0000100.00,+00000100,+00000100,+00000010,+00000110,+00000000,　　　　,   ,　,      ,岐阜県　,羽島市　　　,上中町　　　,0,0
0001,20250531,584108206874,1,584108206874100      ,       ,            ,株式会社関東隆商運輸　　　　　　　　　　　　　　,0,1127,                         ,　　　　　　　　　　　　　　　　　　　　　　　　,5202759,岐阜羽島インターＴＳ　　　　　,20250518,1516,0,0,660201,130,0216,00,軽油　　　　　　　　,0,1,+0000164.00,+0000164.00,+0000124.70,+0000092.60,+00020450,+00015186,+00001519,+00021969,+00005264,　　　　,   ,　,      ,岐阜県　,羽島市　　　,上中町　　　,0,0
0001,20250531,584108206874,1,584108206874100      ,       ,            ,株式会社関東隆商運輸　　　　　　　　　　　　　　,0,1127,                         ,　　　　　　　　　　　　　　　　　　　　　　　　,5202759,岐阜羽島インターＴＳ　　　　　,20250518,1521,0,0,660401,310,8790,00,大型洗車　　　　　　,0,1,+0000001.00,+0000001.00,+0000100.00,+0000100.00,+00000100,+00000100,+00000010,+00000110,+00000000,　　　　,   ,　,      ,岐阜県　,羽島市　　　,上中町　　　,0,0
0001,20250531,584108206874,1,584108206874100      ,       ,            ,株式会社関東隆商運輸　　　　　　　　　　　　　　,0,1127,                         ,　　　　　　　　　　　　　　　　　　　　　　　　,5202759,岐阜羽島インターＴＳ　　　　　,20250518,1521,0,0,660402,310,6445,00,下部洗浄　　　　　　,0,1,+0000001.00,+0000001.00,+0000100.00,+0000100.00,+00000100,+00000100,+00000010,+00000110,+00000000,　　　　,   ,　,      ,岐阜県　,羽島市　　　,上中町　　　,0,0
0001,20250531,584108206874,1,584108206874100      ,       ,            ,株式会社関東隆商運輸　　　　　　　　　　　　　　,0,1127,                         ,　　　　　　　　　　　　　　　　　　　　　　　　,5202759,岐阜羽島インターＴＳ　　　　　,20250520,1618,0,0,770301,130,0216,00,軽油　　　　　　　　,0,1,+0000148.00,+0000148.00,+0000124.70,+0000092.60,+00018455,+00013705,+00001371,+00019826,+00004750,　　　　,   ,　,      ,岐阜県　,羽島市　　　,上中町　　　,0,0
0001,20250531,584108206874,1,584108206874100      ,       ,            ,株式会社関東隆商運輸　　　　　　　　　　　　　　,0,1127,                         ,　　　　　　　　　　　　　　　　　　　　　　　　,5202759,岐阜羽島インターＴＳ　　　　　,20250520,1625,0,0,770801,310,8790,00,大型洗車　　　　　　,0,1,+0000001.00,+0000001.00,+0000100.00,+0000100.00,+00000100,+00000100,+00000010,+00000110,+00000000,　　　　,   ,　,      ,岐阜県　,羽島市　　　,上中町　　　,0,0
0001,20250531,584108206874,1,584108206874100      ,       ,            ,株式会社関東隆商運輸　　　　　　　　　　　　　　,0,1127,                         ,　　　　　　　　　　　　　　　　　　　　　　　　,5202759,岐阜羽島インターＴＳ　　　　　,20250523,1639,0,0,227601,130,0216,00,軽油　　　　　　　　,0,1,+0000160.00,+0000160.00,+0000124.70,+0000092.60,+00019952,+00014816,+00001482,+00021434,+00005136,　　　　,   ,　,      ,岐阜県　,羽島市　　　,上中町　　　,0,0
0001,20250531,584108206874,1,584108206874100      ,       ,            ,株式会社関東隆商運輸　　　　　　　　　　　　　　,0,1127,                         ,　　　　　　　　　　　　　　　　　　　　　　　　,5202759,岐阜羽島インターＴＳ　　　　　,20250523,1642,0,0,227801,310,8790,00,大型洗車　　　　　　,0,1,+0000001.00,+0000001.00,+0000100.00,+0000100.00,+00000100,+00000100,+00000010,+00000110,+00000000,　　　　,   ,　,      ,岐阜県　,羽島市　　　,上中町　　　,0,0
0001,20250531,584108206874,1,584108206874100      ,       ,            ,株式会社関東隆商運輸　　　　　　　　　　　　　　,0,1127,                         ,　　　　　　　　　　　　　　　　　　　　　　　　,5202759,岐阜羽島インターＴＳ　　　　　,20250525,1615,0,0,320901,130,0216,00,軽油　　　　　　　　,0,1,+0000211.00,+0000211.00,+0000124.70,+0000092.60,+00026311,+00019538,+00001954,+00028265,+00006773,　　　　,   ,　,      ,岐阜県　,羽島市　　　,上中町　　　,0,0
0001,20250531,584108206874,1,584108206874100      ,       ,            ,株式会社関東隆商運輸　　　　　　　　　　　　　　,0,1127,                         ,　　　　　　　　　　　　　　　　　　　　　　　　,5202759,岐阜羽島インターＴＳ　　　　　,20250525,1623,0,0,321801,310,8790,00,大型洗車　　　　　　,0,1,+0000001.00,+0000001.00,+0000100.00,+0000100.00,+00000100,+00000100,+00000010,+00000110,+00000000,　　　　,   ,　,      ,岐阜県　,羽島市　　　,上中町　　　,0,0
0001,20250531,584108206874,1,584108206874100      ,       ,            ,株式会社関東隆商運輸　　　　　　　　　　　　　　,0,1127,                         ,　　　　　　　　　　　　　　　　　　　　　　　　,0101437,安中下りＴＳ　　　　　　　　　,20250527,2208,0,0,602101,130,0216,00,軽油　　　　　　　　,0,1,+0000240.00,+0000240.00,+0000124.70,+0000092.60,+00029928,+00022224,+00002222,+00032150,+00007704,　　　　,   ,　,      ,群馬県　,安中市　　　,郷原　　　　,0,0
0001,20250531,584108206874,1,584108206874100      ,       ,            ,株式会社関東隆商運輸　　　　　　　　　　　　　　,0,1127,                         ,　　　　　　　　　　　　　　　　　　　　　　　　,0101437,安中下りＴＳ　　　　　　　　　,20250527,2210,0,0,602201,310,8790,00,大型洗車　　　　　　,0,1,+0000001.00,+0000001.00,+0000100.00,+0000100.00,+00000100,+00000100,+00000010,+00000110,+00000000,　　　　,   ,　,      ,群馬県　,安中市　　　,郷原　　　　,0,0
0001,20250531,584108206874,1,584108206874100      ,       ,            ,株式会社関東隆商運輸　　　　　　　　　　　　　　,0,1127,                         ,　　　　　　　　　　　　　　　　　　　　　　　　,5202759,岐阜羽島インターＴＳ　　　　　,20250530,1630,0,0,560701,130,0216,00,軽油　　　　　　　　,0,1,+0000158.00,+0000158.00,+0000124.70,+0000092.60,+00019702,+00014631,+00001463,+00021165,+00005071,　　　　,   ,　,      ,岐阜県　,羽島市　　　,上中町　　　,0,0
0001,20250531,584108206874,1,584108206874100      ,       ,            ,株式会社関東隆商運輸　　　　　　　　　　　　　　,0,1127,                         ,　　　　　　　　　　　　　　　　　　　　　　　　,5202759,岐阜羽島インターＴＳ　　　　　,20250530,1637,0,0,561001,310,8790,00,大型洗車　　　　　　,0,1,+0000001.00,+0000001.00,+0000100.00,+0000100.00,+00000100,+00000100,+00000010,+00000110,+00000000,　　　　,   ,　,      ,岐阜県　,羽島市　　　,上中町　　　,0,0
0001,20250531,584108206874,1,584108206874100      ,       ,            ,株式会社関東隆商運輸　　　　　　　　　　　　　　,0,1171,                         ,　　　　　　　　　　　　　　　　　　　　　　　　,0101437,安中下りＴＳ　　　　　　　　　,20250502,2149,0,0,366401,130,0216,00,軽油　　　　　　　　,0,1,+0000280.00,+0000280.00,+0000124.70,+0000092.60,+00034916,+00025928,+00002593,+00037509,+00008988,　　　　,   ,　,      ,群馬県　,安中市　　　,郷原　　　　,0,0
0001,20250531,584108206874,1,584108206874100      ,       ,            ,株式会社関東隆商運輸　　　　　　　　　　　　　　,0,1171,                         ,　　　　　　　　　　　　　　　　　　　　　　　　,0101437,安中下りＴＳ　　　　　　　　　,20250503,2134,0,0,443401,130,0216,00,軽油　　　　　　　　,0,1,+0000102.00,+0000102.00,+0000124.70,+0000092.60,+00012719,+00009445,+00000945,+00013664,+00003274,　　　　,   ,　,      ,群馬県　,安中市　　　,郷原　　　　,0,0
0001,20250531,584108206874,1,584108206874100      ,       ,            ,株式会社関東隆商運輸　　　　　　　　　　　　　　,0,1171,                         ,　　　　　　　　　　　　　　　　　　　　　　　　,4204533,高崎インター東ＴＳ　　　　　　,20250506,1936,0,0,679001,130,0216,00,軽油　　　　　　　　,0,1,+0000171.00,+0000171.00,+0000124.70,+0000092.60,+00021323,+00015834,+00001583,+00022906,+00005489,　　　　,   ,　,      ,群馬県　,前橋市　　　,亀里町　　　,0,0
0001,20250531,584108206874,1,584108206874100      ,       ,            ,株式会社関東隆商運輸　　　　　　　　　　　　　　,0,1171,                         ,　　　　　　　　　　　　　　　　　　　　　　　　,4204533,高崎インター東ＴＳ　　　　　　,20250506,1938,0,0,679301,310,8790,00,大型洗車　　　　　　,0,1,+0000001.00,+0000001.00,+0000100.00,+0000100.00,+00000100,+00000100,+00000010,+00000110,+00000000,　　　　,   ,　,      ,群馬県　,前橋市　　　,亀里町　　　,0,0
0001,20250531,584108206874,1,584108206874100      ,       ,            ,株式会社関東隆商運輸　　　　　　　　　　　　　　,0,1171,                         ,　　　　　　　　　　　　　　　　　　　　　　　　,0101437,安中下りＴＳ　　　　　　　　　,20250511,2202,0,0,279101,130,0216,00,軽油　　　　　　　　,0,1,+0000104.00,+0000104.00,+0000124.70,+0000092.60,+00012968,+00009630,+00000963,+00013931,+00003338,　　　　,   ,　,      ,群馬県　,安中市　　　,郷原　　　　,0,0
0001,20250531,584108206874,1,584108206874100      ,       ,            ,株式会社関東隆商運輸　　　　　　　　　　　　　　,0,1171,                         ,　　　　　　　　　　　　　　　　　　　　　　　　,4204533,高崎インター東ＴＳ　　　　　　,20250514,2205,0,0,276401,130,0216,00,軽油　　　　　　　　,0,1,+0000200.00,+0000200.00,+0000124.70,+0000092.60,+00024940,+00018520,+00001852,+00026792,+00006420,　　　　,   ,　,      ,群馬県　,前橋市　　　,亀里町　　　,0,0
0001,20250531,584108206874,1,584108206874100      ,       ,            ,株式会社関東隆商運輸　　　　　　　　　　　　　　,0,1171,                         ,　　　　　　　　　　　　　　　　　　　　　　　　,0101437,安中下りＴＳ　　　　　　　　　,20250518,2224,0,0,714801,130,0216,00,軽油　　　　　　　　,0,1,+0000096.00,+0000096.00,+0000124.70,+0000092.60,+00011971,+00008890,+00000889,+00012860,+00003081,　　　　,   ,　,      ,群馬県　,安中市　　　,郷原　　　　,0,0
0001,20250531,584108206874,1,584108206874100      ,       ,            ,株式会社関東隆商運輸　　　　　　　　　　　　　　,0,1171,                         ,　　　　　　　　　　　　　　　　　　　　　　　　,0101437,安中下りＴＳ　　　　　　　　　,20250525,2149,0,0,476501,130,0216,00,軽油　　　　　　　　,0,1,+0000127.00,+0000127.00,+0000124.70,+0000092.60,+00015836,+00011760,+00001176,+00017012,+00004076,　　　　,   ,　,      ,群馬県　,安中市　　　,郷原　　　　,0,0
0001,20250531,584108206874,1,584108206874100      ,       ,            ,株式会社関東隆商運輸　　　　　　　　　　　　　　,0,1171,                         ,　　　　　　　　　　　　　　　　　　　　　　　　,3206372,上武道深谷バイパスＴＳ　　　　,20250527,1516,0,0,487601,130,0216,00,軽油　　　　　　　　,0,1,+0000080.00,+0000080.00,+0000124.70,+0000092.60,+00009976,+00007408,+00000741,+00010717,+00002568,　　　　,   ,　,      ,埼玉県　,熊谷市　　　,西別府　　　,0,0
0001,20250531,584108206874,1,584108206874100      ,       ,            ,株式会社関東隆商運輸　　　　　　　　　　　　　　,0,1181,                         ,　　　　　　　　　　　　　　　　　　　　　　　　,4204533,高崎インター東ＴＳ　　　　　　,20250517,1616,0,0,382301,130,0216,00,軽油　　　　　　　　,0,1,+0000154.00,+0000154.00,+0000124.70,+0000092.60,+00019203,+00014260,+00001426,+00020629,+00004943,　　　　,   ,　,      ,群馬県　,前橋市　　　,亀里町　　　,0,0
0001,20250531,584108206874,1,584108206874100      ,       ,            ,株式会社関東隆商運輸　　　　　　　　　　　　　　,0,1181,                         ,　　　　　　　　　　　　　　　　　　　　　　　　,4204533,高崎インター東ＴＳ　　　　　　,20250517,1618,0,0,382401,310,8790,00,大型洗車　　　　　　,0,1,+0000001.00,+0000001.00,+0000100.00,+0000100.00,+00000100,+00000100,+00000010,+00000110,+00000000,　　　　,   ,　,      ,群馬県　,前橋市　　　,亀里町　　　,0,0
0001,20250531,584108206874,1,584108206874100      ,       ,            ,株式会社関東隆商運輸　　　　　　　　　　　　　　,0,1507,                         ,　　　　　　　　　　　　　　　　　　　　　　　　,4204533,高崎インター東ＴＳ　　　　　　,20250502,0255,0,0,533201,130,0216,00,軽油　　　　　　　　,0,1,+0000116.00,+0000116.00,+0000124.70,+0000092.60,+00014465,+00010742,+00001074,+00015539,+00003723,　　　　,   ,　,      ,群馬県　,前橋市　　　,亀里町　　　,0,0
0001,20250531,584108206874,1,584108206874100      ,       ,            ,株式会社関東隆商運輸　　　　　　　　　　　　　　,0,1507,                         ,　　　　　　　　　　　　　　　　　　　　　　　　,4204533,高崎インター東ＴＳ　　　　　　,20250504,0443,0,0,605601,130,0216,00,軽油　　　　　　　　,0,1,+0000143.00,+0000143.00,+0000124.70,+0000092.60,+00017832,+00013242,+00001324,+00019156,+00004590,　　　　,   ,　,      ,群馬県　,前橋市　　　,亀里町　　　,0,0
0001,20250531,584108206874,1,584108206874100      ,       ,            ,株式会社関東隆商運輸　　　　　　　　　　　　　　,0,1507,                         ,　　　　　　　　　　　　　　　　　　　　　　　　,4204533,高崎インター東ＴＳ　　　　　　,20250506,0032,0,0,660101,130,0216,00,軽油　　　　　　　　,0,1,+0000131.00,+0000131.00,+0000124.70,+0000092.60,+00016335,+00012130,+00001213,+00017548,+00004205,　　　　,   ,　,      ,群馬県　,前橋市　　　,亀里町　　　,0,0
0001,20250531,584108206874,1,584108206874100      ,       ,            ,株式会社関東隆商運輸　　　　　　　　　　　　　　,0,1507,                         ,　　　　　　　　　　　　　　　　　　　　　　　　,4204533,高崎インター東ＴＳ　　　　　　,20250509,0446,0,0,765101,130,0216,00,軽油　　　　　　　　,0,1,+0000126.00,+0000126.00,+0000124.70,+0000092.60,+00015712,+00011668,+00001167,+00016879,+00004044,　　　　,   ,　,      ,群馬県　,前橋市　　　,亀里町　　　,0,0
0001,20250531,584108206874,1,584108206874100      ,       ,            ,株式会社関東隆商運輸　　　　　　　　　　　　　　,0,1507,                         ,　　　　　　　　　　　　　　　　　　　　　　　　,4204533,高崎インター東ＴＳ　　　　　　,20250512,0325,0,0,168101,130,0216,00,軽油　　　　　　　　,0,1,+0000130.00,+0000130.00,+0000124.70,+0000092.60,+00016211,+00012038,+00001204,+00017415,+00004173,　　　　,   ,　,      ,群馬県　,前橋市　　　,亀里町　　　,0,0
0001,20250531,584108206874,1,584108206874100      ,       ,            ,株式会社関東隆商運輸　　　　　　　　　　　　　　,0,1507,                         ,　　　　　　　　　　　　　　　　　　　　　　　　,4204533,高崎インター東ＴＳ　　　　　　,20250514,0250,0,0,241701,130,0216,00,軽油　　　　　　　　,0,1,+0000119.00,+0000119.00,+0000124.70,+0000092.60,+00014839,+00011020,+00001102,+00015941,+00003819,　　　　,   ,　,      ,群馬県　,前橋市　　　,亀里町　　　,0,0
0001,20250531,584108206874,1,584108206874100      ,       ,            ,株式会社関東隆商運輸　　　　　　　　　　　　　　,0,1507,                         ,　　　　　　　　　　　　　　　　　　　　　　　　,4204533,高崎インター東ＴＳ　　　　　　,20250516,0444,0,0,322401,130,0216,00,軽油　　　　　　　　,0,1,+0000130.00,+0000130.00,+0000124.70,+0000092.60,+00016211,+00012038,+00001204,+00017415,+00004173,　　　　,   ,　,      ,群馬県　,前橋市　　　,亀里町　　　,0,0
0001,20250531,584108206874,1,584108206874100      ,       ,            ,株式会社関東隆商運輸　　　　　　　　　　　　　　,0,1507,                         ,　　　　　　　　　　　　　　　　　　　　　　　　,4204533,高崎インター東ＴＳ　　　　　　,20250519,0301,0,0,425301,130,0216,00,軽油　　　　　　　　,0,1,+0000125.00,+0000125.00,+0000124.70,+0000092.60,+00015587,+00011575,+00001158,+00016745,+00004012,　　　　,   ,　,      ,群馬県　,前橋市　　　,亀里町　　　,0,0
0001,20250531,584108206874,1,584108206874100      ,       ,            ,株式会社関東隆商運輸　　　　　　　　　　　　　　,0,1507,                         ,　　　　　　　　　　　　　　　　　　　　　　　　,4204533,高崎インター東ＴＳ　　　　　　,20250521,0318,0,0,502101,130,0216,00,軽油　　　　　　　　,0,1,+0000128.00,+0000128.00,+0000124.70,+0000092.60,+00015961,+00011853,+00001185,+00017146,+00004108,　　　　,   ,　,      ,群馬県　,前橋市　　　,亀里町　　　,0,0
0001,20250531,584108206874,1,584108206874100      ,       ,            ,株式会社関東隆商運輸　　　　　　　　　　　　　　,0,1507,                         ,　　　　　　　　　　　　　　　　　　　　　　　　,4204533,高崎インター東ＴＳ　　　　　　,20250526,0309,0,0,685301,130,0216,00,軽油　　　　　　　　,0,1,+0000130.00,+0000130.00,+0000124.70,+0000092.60,+00016211,+00012038,+00001204,+00017415,+00004173,　　　　,   ,　,      ,群馬県　,前橋市　　　,亀里町　　　,0,0
0001,20250531,584108206874,1,584108206874100      ,       ,            ,株式会社関東隆商運輸　　　　　　　　　　　　　　,0,1507,                         ,　　　　　　　　　　　　　　　　　　　　　　　　,4204533,高崎インター東ＴＳ　　　　　　,20250528,0344,0,0,759601,130,0216,00,軽油　　　　　　　　,0,1,+0000130.00,+0000130.00,+0000124.70,+0000092.60,+00016211,+00012038,+00001204,+00017415,+00004173,　　　　,   ,　,      ,群馬県　,前橋市　　　,亀里町　　　,0,0
0001,20250531,584108206874,1,584108206874100      ,       ,            ,株式会社関東隆商運輸　　　　　　　　　　　　　　,0,1507,                         ,　　　　　　　　　　　　　　　　　　　　　　　　,4204533,高崎インター東ＴＳ　　　　　　,20250530,0431,0,0,136701,130,0216,00,軽油　　　　　　　　,0,1,+0000131.00,+0000131.00,+0000124.70,+0000092.60,+00016335,+00012130,+00001213,+00017548,+00004205,　　　　,   ,　,      ,群馬県　,前橋市　　　,亀里町　　　,0,0
0001,20250531,584108206874,1,584108206874100      ,       ,            ,株式会社関東隆商運輸　　　　　　　　　　　　　　,0,2711,                         ,　　　　　　　　　　　　　　　　　　　　　　　　,4103750,ＤＤルート５０足利ＴＳ　　　　,20250506,0135,0,0,702301,130,0216,00,軽油　　　　　　　　,0,1,+0000242.00,+0000242.00,+0000124.70,+0000092.60,+00030177,+00022409,+00002241,+00032418,+00007768,　　　　,   ,　,      ,栃木県　,足利市　　　,下渋垂町　　,0,0
0001,20250531,584108206874,1,584108206874100      ,       ,            ,株式会社関東隆商運輸　　　　　　　　　　　　　　,0,2711,                         ,　　　　　　　　　　　　　　　　　　　　　　　　,4103750,ＤＤルート５０足利ＴＳ　　　　,20250515,2125,0,0,022901,130,0216,00,軽油　　　　　　　　,0,1,+0000389.00,+0000389.00,+0000124.70,+0000092.60,+00048508,+00036022,+00003602,+00052110,+00012486,　　　　,   ,　,      ,栃木県　,足利市　　　,下渋垂町　　,0,0
0001,20250531,584108206874,1,584108206874100      ,       ,            ,株式会社関東隆商運輸　　　　　　　　　　　　　　,0,2711,                         ,　　　　　　　　　　　　　　　　　　　　　　　　,7157845,ＤＤルート５０足利ＴＳ（セルフ,20250515,2128,0,0,771401,310,8790,00,大型洗車　　　　　　,0,1,+0000001.00,+0000001.00,+0000100.00,+0000100.00,+00000100,+00000100,+00000010,+00000110,+00000000,　　　　,   ,　,      ,栃木県　,足利市　　　,下渋垂町　　,0,0
0001,20250531,584108206874,1,584108206874100      ,       ,            ,株式会社関東隆商運輸　　　　　　　　　　　　　　,0,2711,                         ,　　　　　　　　　　　　　　　　　　　　　　　　,7157845,ＤＤルート５０足利ＴＳ（セルフ,20250515,2128,0,0,771402,310,6445,00,下部洗浄　　　　　　,0,1,+0000001.00,+0000001.00,+0000100.00,+0000100.00,+00000100,+00000100,+00000010,+00000110,+00000000,　　　　,   ,　,      ,栃木県　,足利市　　　,下渋垂町　　,0,0
0001,20250531,584108206874,1,584108206874100      ,       ,            ,株式会社関東隆商運輸　　　　　　　　　　　　　　,0,2711,                         ,　　　　　　　　　　　　　　　　　　　　　　　　,4103750,ＤＤルート５０足利ＴＳ　　　　,20250521,0107,0,0,086501,130,0216,00,軽油　　　　　　　　,0,1,+0000335.00,+0000335.00,+0000124.70,+0000092.60,+00041774,+00031021,+00003102,+00044876,+00010753,　　　　,   ,　,      ,栃木県　,足利市　　　,下渋垂町　　,0,0
0001,20250531,584108206874,1,584108206874100      ,       ,            ,株式会社関東隆商運輸　　　　　　　　　　　　　　,0,2711,                         ,　　　　　　　　　　　　　　　　　　　　　　　　,4103750,ＤＤルート５０足利ＴＳ　　　　,20250523,2153,0,0,132801,130,0216,00,軽油　　　　　　　　,0,1,+0000229.00,+0000229.00,+0000124.70,+0000092.60,+00028556,+00021206,+00002121,+00030677,+00007350,　　　　,   ,　,      ,栃木県　,足利市　　　,下渋垂町　　,0,0
0001,20250531,584108206874,1,584108206874100      ,       ,            ,株式会社関東隆商運輸　　　　　　　　　　　　　　,0,2711,                         ,　　　　　　　　　　　　　　　　　　　　　　　　,4103750,ＤＤルート５０足利ＴＳ　　　　,20250529,0122,0,0,197201,130,0216,00,軽油　　　　　　　　,0,1,+0000298.00,+0000298.00,+0000124.70,+0000092.60,+00037160,+00027595,+00002760,+00039920,+00009565,　　　　,   ,　,      ,栃木県　,足利市　　　,下渋垂町　　,0,0
0001,20250531,584108206874,1,584108206874100      ,       ,            ,株式会社関東隆商運輸　　　　　　　　　　　　　　,0,2711,                         ,　　　　　　　　　　　　　　　　　　　　　　　　,4103750,ＤＤルート５０足利ＴＳ　　　　,20250530,2152,0,0,228101,130,0216,00,軽油　　　　　　　　,0,1,+0000170.00,+0000170.00,+0000124.70,+0000092.60,+00021199,+00015742,+00001574,+00022773,+00005457,　　　　,   ,　,      ,栃木県　,足利市　　　,下渋垂町　　,0,0
0001,20250531,584108206874,1,584108206874100      ,       ,            ,株式会社関東隆商運輸　　　　　　　　　　　　　　,0,2711,                         ,　　　　　　　　　　　　　　　　　　　　　　　　,7157845,ＤＤルート５０足利ＴＳ（セルフ,20250530,2155,0,0,179901,310,8790,00,大型洗車　　　　　　,0,1,+0000001.00,+0000001.00,+0000100.00,+0000100.00,+00000100,+00000100,+00000010,+00000110,+00000000,　　　　,   ,　,      ,栃木県　,足利市　　　,下渋垂町　　,0,0
0001,20250531,584108206874,1,584108206874100      ,       ,            ,株式会社関東隆商運輸　　　　　　　　　　　　　　,0,2711,                         ,　　　　　　　　　　　　　　　　　　　　　　　　,7157845,ＤＤルート５０足利ＴＳ（セルフ,20250530,2155,0,0,179902,310,6445,00,下部洗浄　　　　　　,0,1,+0000001.00,+0000001.00,+0000100.00,+0000100.00,+00000100,+00000100,+00000010,+00000110,+00000000,　　　　,   ,　,      ,栃木県　,足利市　　　,下渋垂町　　,0,0
0001,20250531,584108206874,1,584108206874100      ,       ,            ,株式会社関東隆商運輸　　　　　　　　　　　　　　,0,3035,                         ,　　　　　　　　　　　　　　　　　　　　　　　　,0101437,安中下りＴＳ　　　　　　　　　,20250503,0538,0,0,374101,130,0216,00,軽油　　　　　　　　,0,1,+0000296.00,+0000296.00,+0000124.70,+0000092.60,+00036911,+00027410,+00002741,+00039652,+00009501,　　　　,   ,　,      ,群馬県　,安中市　　　,郷原　　　　,0,0
0001,20250531,584108206874,1,584108206874100      ,       ,            ,株式会社関東隆商運輸　　　　　　　　　　　　　　,0,3035,                         ,　　　　　　　　　　　　　　　　　　　　　　　　,0101437,安中下りＴＳ　　　　　　　　　,20250504,0636,0,0,449501,130,0216,00,軽油　　　　　　　　,0,1,+0000215.00,+0000215.00,+0000124.70,+0000092.60,+00026810,+00019909,+00001991,+00028801,+00006901,　　　　,   ,　,      ,群馬県　,安中市　　　,郷原　　　　,0,0
0001,20250531,584108206874,1,584108206874100      ,       ,            ,株式会社関東隆商運輸　　　　　　　　　　　　　　,0,3035,                         ,　　　　　　　　　　　　　　　　　　　　　　　　,0101437,安中下りＴＳ　　　　　　　　　,20250507,0520,0,0,644301,130,0216,00,軽油　　　　　　　　,0,1,+0000245.00,+0000245.00,+0000124.70,+0000092.60,+00030551,+00022687,+00002269,+00032820,+00007864,　　　　,   ,　,      ,群馬県　,安中市　　　,郷原　　　　,0,0
0001,20250531,584108206874,1,584108206874100      ,       ,            ,株式会社関東隆商運輸　　　　　　　　　　　　　　,0,3035,                         ,　　　　　　　　　　　　　　　　　　　　　　　　,0101437,安中下りＴＳ　　　　　　　　　,20250510,0542,0,0,137301,130,0216,00,軽油　　　　　　　　,0,1,+0000290.00,+0000290.00,+0000124.70,+0000092.60,+00036163,+00026854,+00002685,+00038848,+00009309,　　　　,   ,　,      ,群馬県　,安中市　　　,郷原　　　　,0,0
0001,20250531,584108206874,1,584108206874100      ,       ,            ,株式会社関東隆商運輸　　　　　　　　　　　　　　,0,3035,                         ,　　　　　　　　　　　　　　　　　　　　　　　　,5203062,中央道虎渓山ＰＡ上ＳＳ　　　　,20250514,1539,0,1,505801,130,0216,00,軽油　　　　　　　　,0,1,+0000223.00,+0000223.00,+0000124.70,+0000092.60,+00027808,+00020650,+00002065,+00029873,+00007158,　　　　,   ,　,      ,岐阜県　,多治見市　　,虎渓山町　　,0,1
0001,20250531,584108206874,1,584108206874100      ,       ,            ,株式会社関東隆商運輸　　　　　　　　　　　　　　,0,3035,                         ,　　　　　　　　　　　　　　　　　　　　　　　　,0209768,中央道駒ヶ岳ＳＡ下ＳＳ　　　　,20250517,0842,0,1,345401,130,0216,00,軽油　　　　　　　　,0,1,+0000240.00,+0000240.00,+0000124.70,+0000092.60,+00029928,+00022224,+00002222,+00032150,+00007704,　　　　,   ,　,      ,長野県　,駒ケ根市　　,赤穂新田　　,0,1
0001,20250531,584108206874,1,584108206874100      ,       ,            ,株式会社関東隆商運輸　　　　　　　　　　　　　　,0,3035,                         ,　　　　　　　　　　　　　　　　　　　　　　　　,0101437,安中下りＴＳ　　　　　　　　　,20250521,0602,0,0,144101,130,0216,00,軽油　　　　　　　　,0,1,+0000165.00,+0000165.00,+0000124.70,+0000092.60,+00020575,+00015279,+00001528,+00022103,+00005296,　　　　,   ,　,      ,群馬県　,安中市　　　,郷原　　　　,0,0
0001,20250531,584108206874,1,584108206874100      ,       ,            ,株式会社関東隆商運輸　　　　　　　　　　　　　　,0,3035,                         ,　　　　　　　　　　　　　　　　　　　　　　　　,0101437,安中下りＴＳ　　　　　　　　　,20250524,0530,0,0,344401,130,0216,00,軽油　　　　　　　　,0,1,+0000280.00,+0000280.00,+0000124.70,+0000092.60,+00034916,+00025928,+00002593,+00037509,+00008988,　　　　,   ,　,      ,群馬県　,安中市　　　,郷原　　　　,0,0
0001,20250531,584108206874,1,584108206874100      ,       ,            ,株式会社関東隆商運輸　　　　　　　　　　　　　　,0,3035,                         ,　　　　　　　　　　　　　　　　　　　　　　　　,5203062,中央道虎渓山ＰＡ上ＳＳ　　　　,20250528,1328,0,1,727701,130,0216,00,軽油　　　　　　　　,0,1,+0000267.00,+0000267.00,+0000124.70,+0000092.60,+00033294,+00024724,+00002472,+00035766,+00008570,　　　　,   ,　,      ,岐阜県　,多治見市　　,虎渓山町　　,0,1
0001,20250531,584108206874,1,584108206874100      ,       ,            ,株式会社関東隆商運輸　　　　　　　　　　　　　　,0,3035,                         ,　　　　　　　　　　　　　　　　　　　　　　　　,0101437,安中下りＴＳ　　　　　　　　　,20250531,0540,0,0,794201,130,0216,00,軽油　　　　　　　　,0,1,+0000163.00,+0000163.00,+0000124.70,+0000092.60,+00020326,+00015094,+00001509,+00021835,+00005232,　　　　,   ,　,      ,群馬県　,安中市　　　,郷原　　　　,0,0
0001,20250531,584108206874,1,584108206874100      ,       ,            ,株式会社関東隆商運輸　　　　　　　　　　　　　　,0,3215,                         ,　　　　　　　　　　　　　　　　　　　　　　　　,3206372,上武道深谷バイパスＴＳ　　　　,20250430,2245,0,0,168401,130,0216,00,軽油　　　　　　　　,0,1,+0000137.00,+0000137.00,+0000131.20,+0000099.10,+00017974,+00013577,+00001358,+00019332,+00004397,　　　　,   ,　,      ,埼玉県　,熊谷市　　　,西別府　　　,0,0
0001,20250531,584108206874,1,584108206874100      ,       ,            ,株式会社関東隆商運輸　　　　　　　　　　　　　　,0,3215,                         ,　　　　　　　　　　　　　　　　　　　　　　　　,3206372,上武道深谷バイパスＴＳ　　　　,20250508,0020,0,0,616101,130,0216,00,軽油　　　　　　　　,0,1,+0000125.00,+0000125.00,+0000124.70,+0000092.60,+00015587,+00011575,+00001158,+00016745,+00004012,　　　　,   ,　,      ,埼玉県　,熊谷市　　　,西別府　　　,0,0
0001,20250531,584108206874,1,584108206874100      ,       ,            ,株式会社関東隆商運輸　　　　　　　　　　　　　　,0,3215,                         ,　　　　　　　　　　　　　　　　　　　　　　　　,3206372,上武道深谷バイパスＴＳ　　　　,20250509,2319,0,0,730601,130,0216,00,軽油　　　　　　　　,0,1,+0000083.00,+0000083.00,+0000124.70,+0000092.60,+00010350,+00007686,+00000769,+00011119,+00002664,　　　　,   ,　,      ,埼玉県　,熊谷市　　　,西別府　　　,0,0
0001,20250531,584108206874,1,584108206874100      ,       ,            ,株式会社関東隆商運輸　　　　　　　　　　　　　　,0,3215,                         ,　　　　　　　　　　　　　　　　　　　　　　　　,3206372,上武道深谷バイパスＴＳ　　　　,20250521,2221,0,0,106801,130,0216,00,軽油　　　　　　　　,0,1,+0000137.00,+0000137.00,+0000124.70,+0000092.60,+00017083,+00012686,+00001269,+00018352,+00004397,　　　　,   ,　,      ,埼玉県　,熊谷市　　　,西別府　　　,0,0
0001,20250531,584108206874,1,584108206874100      ,       ,            ,株式会社関東隆商運輸　　　　　　　　　　　　　　,0,3215,                         ,　　　　　　　　　　　　　　　　　　　　　　　　,3206372,上武道深谷バイパスＴＳ　　　　,20250526,2200,0,0,453201,130,0216,00,軽油　　　　　　　　,0,1,+0000137.00,+0000137.00,+0000124.70,+0000092.60,+00017083,+00012686,+00001269,+00018352,+00004397,　　　　,   ,　,      ,埼玉県　,熊谷市　　　,西別府　　　,0,0
0001,20250531,584108206874,1,584108206874100      ,       ,            ,株式会社関東隆商運輸　　　　　　　　　　　　　　,0,3215,                         ,　　　　　　　　　　　　　　　　　　　　　　　　,3206372,上武道深谷バイパスＴＳ　　　　,20250528,2224,0,0,570601,130,0216,00,軽油　　　　　　　　,0,1,+0000116.00,+0000116.00,+0000124.70,+0000092.60,+00014465,+00010742,+00001074,+00015539,+00003723,　　　　,   ,　,      ,埼玉県　,熊谷市　　　,西別府　　　,0,0
0001,20250531,584108206874,1,584108206874100      ,       ,            ,株式会社関東隆商運輸　　　　　　　　　　　　　　,0,3323,                         ,　　　　　　　　　　　　　　　　　　　　　　　　,0101437,安中下りＴＳ　　　　　　　　　,20250504,2125,0,0,512801,130,0216,00,軽油　　　　　　　　,0,1,+0000242.00,+0000242.00,+0000124.70,+0000092.60,+00030177,+00022409,+00002241,+00032418,+00007768,　　　　,   ,　,      ,群馬県　,安中市　　　,郷原　　　　,0,0
0001,20250531,584108206874,1,584108206874100      ,       ,            ,株式会社関東隆商運輸　　　　　　　　　　　　　　,0,3577,                         ,　　　　　　　　　　　　　　　　　　　　　　　　,4103958,東北道那須高原ＳＡ上りＳＳ　　,20250523,1249,0,1,380801,130,0216,00,軽油　　　　　　　　,0,1,+0000163.00,+0000163.00,+0000124.70,+0000092.60,+00020326,+00015094,+00001509,+00021835,+00005232,　　　　,   ,　,      ,栃木県　,那須郡　　　,那須町　　　,0,1
0001,20250531,584108206874,1,584108206874100      ,       ,            ,株式会社関東隆商運輸　　　　　　　　　　　　　　,0,3577,                         ,　　　　　　　　　　　　　　　　　　　　　　　　,4103958,東北道那須高原ＳＡ上りＳＳ　　,20250530,1255,0,1,633601,130,0216,00,軽油　　　　　　　　,0,1,+0000296.00,+0000296.00,+0000124.70,+0000092.60,+00036911,+00027410,+00002741,+00039652,+00009501,　　　　,   ,　,      ,栃木県　,那須郡　　　,那須町　　　,0,1
0001,20250531,584108206874,1,584108206874100      ,       ,            ,株式会社関東隆商運輸　　　　　　　　　　　　　　,0,3775,                         ,　　　　　　　　　　　　　　　　　　　　　　　　,4204533,高崎インター東ＴＳ　　　　　　,20250525,2201,0,0,682301,130,0216,00,軽油　　　　　　　　,0,1,+0000152.00,+0000152.00,+0000124.70,+0000092.60,+00018954,+00014075,+00001408,+00020362,+00004879,　　　　,   ,　,      ,群馬県　,前橋市　　　,亀里町　　　,0,0
0001,20250531,584108206874,1,584108206874100      ,       ,            ,株式会社関東隆商運輸　　　　　　　　　　　　　　,0,3775,                         ,　　　　　　　　　　　　　　　　　　　　　　　　,4204533,高崎インター東ＴＳ　　　　　　,20250531,0335,0,0,174801,130,0216,00,軽油　　　　　　　　,0,1,+0000080.00,+0000080.00,+0000124.70,+0000092.60,+00009976,+00007408,+00000741,+00010717,+00002568,　　　　,   ,　,      ,群馬県　,前橋市　　　,亀里町　　　,0,0
0001,20250531,584108206874,1,584108206874100      ,       ,            ,株式会社関東隆商運輸　　　　　　　　　　　　　　,0,3883,                         ,　　　　　　　　　　　　　　　　　　　　　　　　,3206372,上武道深谷バイパスＴＳ　　　　,20250501,2300,0,0,235001,130,0216,00,軽油　　　　　　　　,0,1,+0000061.00,+0000061.00,+0000124.70,+0000092.60,+00007606,+00005648,+00000565,+00008171,+00001958,　　　　,   ,　,      ,埼玉県　,熊谷市　　　,西別府　　　,0,0
0001,20250531,584108206874,1,584108206874100      ,       ,            ,株式会社関東隆商運輸　　　　　　　　　　　　　　,0,3955,                         ,　　　　　　　　　　　　　　　　　　　　　　　　,4204533,高崎インター東ＴＳ　　　　　　,20250501,2101,0,0,527001,130,0216,00,軽油　　　　　　　　,0,1,+0000102.00,+0000102.00,+0000124.70,+0000092.60,+00012719,+00009445,+00000945,+00013664,+00003274,　　　　,   ,　,      ,群馬県　,前橋市　　　,亀里町　　　,0,0
0001,20250531,584108206874,1,584108206874100      ,       ,            ,株式会社関東隆商運輸　　　　　　　　　　　　　　,0,3955,                         ,　　　　　　　　　　　　　　　　　　　　　　　　,4204533,高崎インター東ＴＳ　　　　　　,20250502,2051,0,0,561301,130,0216,00,軽油　　　　　　　　,0,1,+0000044.00,+0000044.00,+0000124.70,+0000092.60,+00005486,+00004074,+00000407,+00005893,+00001412,　　　　,   ,　,      ,群馬県　,前橋市　　　,亀里町　　　,0,0
0001,20250531,584108206874,1,584108206874100      ,       ,            ,株式会社関東隆商運輸　　　　　　　　　　　　　　,0,3955,                         ,　　　　　　　　　　　　　　　　　　　　　　　　,4204533,高崎インター東ＴＳ　　　　　　,20250502,2129,0,0,562601,310,8790,00,大型洗車　　　　　　,0,1,+0000001.00,+0000001.00,+0000100.00,+0000100.00,+00000100,+00000100,+00000010,+00000110,+00000000,　　　　,   ,　,      ,群馬県　,前橋市　　　,亀里町　　　,0,0
0001,20250531,584108206874,1,584108206874100      ,       ,            ,株式会社関東隆商運輸　　　　　　　　　　　　　　,0,3955,                         ,　　　　　　　　　　　　　　　　　　　　　　　　,4204533,高崎インター東ＴＳ　　　　　　,20250503,2107,0,0,601101,130,0216,00,軽油　　　　　　　　,0,1,+0000052.00,+0000052.00,+0000124.70,+0000092.60,+00006484,+00004815,+00000482,+00006966,+00001669,　　　　,   ,　,      ,群馬県　,前橋市　　　,亀里町　　　,0,0
0001,20250531,584108206874,1,584108206874100      ,       ,            ,株式会社関東隆商運輸　　　　　　　　　　　　　　,0,3955,                         ,　　　　　　　　　　　　　　　　　　　　　　　　,4204533,高崎インター東ＴＳ　　　　　　,20250506,2037,0,0,680101,130,0216,00,軽油　　　　　　　　,0,1,+0000086.00,+0000086.00,+0000124.70,+0000092.60,+00010724,+00007964,+00000796,+00011520,+00002760,　　　　,   ,　,      ,群馬県　,前橋市　　　,亀里町　　　,0,0
0001,20250531,584108206874,1,584108206874100      ,       ,            ,株式会社関東隆商運輸　　　　　　　　　　　　　　,0,3955,                         ,　　　　　　　　　　　　　　　　　　　　　　　　,4204533,高崎インター東ＴＳ　　　　　　,20250506,2116,0,0,680801,310,8790,00,大型洗車　　　　　　,0,1,+0000001.00,+0000001.00,+0000100.00,+0000100.00,+00000100,+00000100,+00000010,+00000110,+00000000,　　　　,   ,　,      ,群馬県　,前橋市　　　,亀里町　　　,0,0
0001,20250531,584108206874,1,584108206874100      ,       ,            ,株式会社関東隆商運輸　　　　　　　　　　　　　　,0,3955,                         ,　　　　　　　　　　　　　　　　　　　　　　　　,4204533,高崎インター東ＴＳ　　　　　　,20250508,2127,0,0,759401,130,0216,00,軽油　　　　　　　　,0,1,+0000095.00,+0000095.00,+0000124.70,+0000092.60,+00011846,+00008797,+00000880,+00012726,+00003049,　　　　,   ,　,      ,群馬県　,前橋市　　　,亀里町　　　,0,0
0001,20250531,584108206874,1,584108206874100      ,       ,            ,株式会社関東隆商運輸　　　　　　　　　　　　　　,0,3955,                         ,　　　　　　　　　　　　　　　　　　　　　　　　,4204533,高崎インター東ＴＳ　　　　　　,20250510,2050,0,0,133101,130,0216,00,軽油　　　　　　　　,0,1,+0000094.00,+0000094.00,+0000124.70,+0000092.60,+00011721,+00008704,+00000870,+00012591,+00003017,　　　　,   ,　,      ,群馬県　,前橋市　　　,亀里町　　　,0,0
0001,20250531,584108206874,1,584108206874100      ,       ,            ,株式会社関東隆商運輸　　　　　　　　　　　　　　,0,3955,                         ,　　　　　　　　　　　　　　　　　　　　　　　　,4204533,高崎インター東ＴＳ　　　　　　,20250513,2118,0,0,238401,130,0216,00,軽油　　　　　　　　,0,1,+0000097.00,+0000097.00,+0000124.70,+0000092.60,+00012095,+00008982,+00000898,+00012993,+00003113,　　　　,   ,　,      ,群馬県　,前橋市　　　,亀里町　　　,0,0
0001,20250531,584108206874,1,584108206874100      ,       ,            ,株式会社関東隆商運輸　　　　　　　　　　　　　　,0,3955,                         ,　　　　　　　　　　　　　　　　　　　　　　　　,4204533,高崎インター東ＴＳ　　　　　　,20250515,2047,0,0,314401,130,0216,00,軽油　　　　　　　　,0,1,+0000085.00,+0000085.00,+0000124.70,+0000092.60,+00010599,+00007871,+00000787,+00011386,+00002728,　　　　,   ,　,      ,群馬県　,前橋市　　　,亀里町　　　,0,0
0001,20250531,584108206874,1,584108206874100      ,       ,            ,株式会社関東隆商運輸　　　　　　　　　　　　　　,0,3955,                         ,　　　　　　　　　　　　　　　　　　　　　　　　,4204533,高崎インター東ＴＳ　　　　　　,20250520,2100,0,0,497401,130,0216,00,軽油　　　　　　　　,0,1,+0000093.00,+0000093.00,+0000124.70,+0000092.60,+00011597,+00008612,+00000861,+00012458,+00002985,　　　　,   ,　,      ,群馬県　,前橋市　　　,亀里町　　　,0,0
0001,20250531,584108206874,1,584108206874100      ,       ,            ,株式会社関東隆商運輸　　　　　　　　　　　　　　,0,3955,                         ,　　　　　　　　　　　　　　　　　　　　　　　　,4204533,高崎インター東ＴＳ　　　　　　,20250522,2104,0,0,578101,130,0216,00,軽油　　　　　　　　,0,1,+0000101.00,+0000101.00,+0000124.70,+0000092.60,+00012594,+00009352,+00000935,+00013529,+00003242,　　　　,   ,　,      ,群馬県　,前橋市　　　,亀里町　　　,0,0
0001,20250531,584108206874,1,584108206874100      ,       ,            ,株式会社関東隆商運輸　　　　　　　　　　　　　　,0,3955,                         ,　　　　　　　　　　　　　　　　　　　　　　　　,4204533,高崎インター東ＴＳ　　　　　　,20250524,2011,0,0,652301,130,0216,00,軽油　　　　　　　　,0,1,+0000091.00,+0000091.00,+0000124.70,+0000092.60,+00011347,+00008426,+00000843,+00012190,+00002921,　　　　,   ,　,      ,群馬県　,前橋市　　　,亀里町　　　,0,0
0001,20250531,584108206874,1,584108206874100      ,       ,            ,株式会社関東隆商運輸　　　　　　　　　　　　　　,0,3955,                         ,　　　　　　　　　　　　　　　　　　　　　　　　,4204533,高崎インター東ＴＳ　　　　　　,20250524,2020,0,0,653501,310,8790,00,大型洗車　　　　　　,0,1,+0000001.00,+0000001.00,+0000100.00,+0000100.00,+00000100,+00000100,+00000010,+00000110,+00000000,　　　　,   ,　,      ,群馬県　,前橋市　　　,亀里町　　　,0,0
0001,20250531,584108206874,1,584108206874100      ,       ,            ,株式会社関東隆商運輸　　　　　　　　　　　　　　,0,3955,                         ,　　　　　　　　　　　　　　　　　　　　　　　　,4204533,高崎インター東ＴＳ　　　　　　,20250527,2133,0,0,756501,130,0216,00,軽油　　　　　　　　,0,1,+0000094.00,+0000094.00,+0000124.70,+0000092.60,+00011721,+00008704,+00000870,+00012591,+00003017,　　　　,   ,　,      ,群馬県　,前橋市　　　,亀里町　　　,0,0
0001,20250531,584108206874,1,584108206874100      ,       ,            ,株式会社関東隆商運輸　　　　　　　　　　　　　　,0,3955,                         ,　　　　　　　　　　　　　　　　　　　　　　　　,4204533,高崎インター東ＴＳ　　　　　　,20250528,2111,0,0,795301,130,0216,00,軽油　　　　　　　　,0,1,+0000042.00,+0000042.00,+0000124.70,+0000092.60,+00005237,+00003889,+00000389,+00005626,+00001348,　　　　,   ,　,      ,群馬県　,前橋市　　　,亀里町　　　,0,0
0001,20250531,584108206874,1,584108206874100      ,       ,            ,株式会社関東隆商運輸　　　　　　　　　　　　　　,0,3955,                         ,　　　　　　　　　　　　　　　　　　　　　　　　,4204533,高崎インター東ＴＳ　　　　　　,20250531,2030,0,0,199501,130,0216,00,軽油　　　　　　　　,0,1,+0000096.00,+0000096.00,+0000124.70,+0000092.60,+00011971,+00008890,+00000889,+00012860,+00003081,　　　　,   ,　,      ,群馬県　,前橋市　　　,亀里町　　　,0,0
0001,20250531,584108206874,1,584108206874100      ,       ,            ,株式会社関東隆商運輸　　　　　　　　　　　　　　,0,5015,                         ,　　　　　　　　　　　　　　　　　　　　　　　　,4204533,高崎インター東ＴＳ　　　　　　,20250503,0335,0,0,570701,130,0216,00,軽油　　　　　　　　,0,1,+0000315.00,+0000315.00,+0000124.70,+0000092.60,+00039280,+00029169,+00002917,+00042197,+00010111,　　　　,   ,　,      ,群馬県　,前橋市　　　,亀里町　　　,0,0
0001,20250531,584108206874,1,584108206874100      ,       ,            ,株式会社関東隆商運輸　　　　　　　　　　　　　　,0,5015,                         ,　　　　　　　　　　　　　　　　　　　　　　　　,4204533,高崎インター東ＴＳ　　　　　　,20250509,0339,0,0,763901,130,0216,00,軽油　　　　　　　　,0,1,+0000331.00,+0000331.00,+0000124.70,+0000092.60,+00041275,+00030650,+00003065,+00044340,+00010625,　　　　,   ,　,      ,群馬県　,前橋市　　　,亀里町　　　,0,0
0001,20250531,584108206874,1,584108206874100      ,       ,            ,株式会社関東隆商運輸　　　　　　　　　　　　　　,0,5015,                         ,　　　　　　　　　　　　　　　　　　　　　　　　,4204533,高崎インター東ＴＳ　　　　　　,20250514,0338,0,0,242001,310,8790,00,大型洗車　　　　　　,0,1,+0000001.00,+0000001.00,+0000100.00,+0000100.00,+00000100,+00000100,+00000010,+00000110,+00000000,　　　　,   ,　,      ,群馬県　,前橋市　　　,亀里町　　　,0,0
0001,20250531,584108206874,1,584108206874100      ,       ,            ,株式会社関東隆商運輸　　　　　　　　　　　　　　,0,5015,                         ,　　　　　　　　　　　　　　　　　　　　　　　　,4204533,高崎インター東ＴＳ　　　　　　,20250525,0426,0,0,657801,130,0216,00,軽油　　　　　　　　,0,1,+0000326.00,+0000326.00,+0000124.70,+0000092.60,+00040652,+00030188,+00003019,+00043671,+00010464,　　　　,   ,　,      ,群馬県　,前橋市　　　,亀里町　　　,0,0
0001,20250531,584108206874,1,584108206874100      ,       ,            ,株式会社関東隆商運輸　　　　　　　　　　　　　　,0,5015,                         ,　　　　　　　　　　　　　　　　　　　　　　　　,4204533,高崎インター東ＴＳ　　　　　　,20250525,0428,0,0,657901,310,8790,00,大型洗車　　　　　　,0,1,+0000001.00,+0000001.00,+0000100.00,+0000100.00,+00000100,+00000100,+00000010,+00000110,+00000000,　　　　,   ,　,      ,群馬県　,前橋市　　　,亀里町　　　,0,0
0001,20250531,584108206874,1,584108206874100      ,       ,            ,株式会社関東隆商運輸　　　　　　　　　　　　　　,0,5015,                         ,　　　　　　　　　　　　　　　　　　　　　　　　,4204533,高崎インター東ＴＳ　　　　　　,20250531,0312,0,0,174601,130,0216,00,軽油　　　　　　　　,0,1,+0000311.00,+0000311.00,+0000124.70,+0000092.60,+00038781,+00028798,+00002880,+00041661,+00009983,　　　　,   ,　,      ,群馬県　,前橋市　　　,亀里町　　　,0,0
0001,20250531,584108206874,1,584108206874100      ,       ,            ,株式会社関東隆商運輸　　　　　　　　　　　　　　,0,5033,                         ,　　　　　　　　　　　　　　　　　　　　　　　　,4204533,高崎インター東ＴＳ　　　　　　,20250506,2150,0,0,681301,130,0216,00,軽油　　　　　　　　,0,1,+0000210.00,+0000210.00,+0000124.70,+0000092.60,+00026187,+00019446,+00001945,+00028132,+00006741,　　　　,   ,　,      ,群馬県　,前橋市　　　,亀里町　　　,0,0
0001,20250531,584108206874,1,584108206874100      ,       ,            ,株式会社関東隆商運輸　　　　　　　　　　　　　　,0,5033,                         ,　　　　　　　　　　　　　　　　　　　　　　　　,3206372,上武道深谷バイパスＴＳ　　　　,20250513,1607,0,0,261701,130,0216,00,軽油　　　　　　　　,0,1,+0000314.00,+0000314.00,+0000124.70,+0000092.60,+00039155,+00029076,+00002908,+00042063,+00010079,　　　　,   ,　,      ,埼玉県　,熊谷市　　　,西別府　　　,0,0
0001,20250531,584108206874,1,584108206874100      ,       ,            ,株式会社関東隆商運輸　　　　　　　　　　　　　　,0,5033,                         ,　　　　　　　　　　　　　　　　　　　　　　　　,4204533,高崎インター東ＴＳ　　　　　　,20250518,2233,0,0,422301,130,0216,00,軽油　　　　　　　　,0,1,+0000351.00,+0000351.00,+0000124.70,+0000092.60,+00043769,+00032502,+00003250,+00047019,+00011267,　　　　,   ,　,      ,群馬県　,前橋市　　　,亀里町　　　,0,0
0001,20250531,584108206874,1,584108206874100      ,       ,            ,株式会社関東隆商運輸　　　　　　　　　　　　　　,0,5123,                         ,　　　　　　　　　　　　　　　　　　　　　　　　,4204533,高崎インター東ＴＳ　　　　　　,20250520,2305,0,0,499801,130,0216,00,軽油　　　　　　　　,0,1,+0000096.00,+0000096.00,+0000124.70,+0000092.60,+00011971,+00008890,+00000889,+00012860,+00003081,　　　　,   ,　,      ,群馬県　,前橋市　　　,亀里町　　　,0,0
0001,20250531,584108206874,1,584108206874100      ,       ,            ,株式会社関東隆商運輸　　　　　　　　　　　　　　,0,5501,                         ,　　　　　　　　　　　　　　　　　　　　　　　　,4204533,高崎インター東ＴＳ　　　　　　,20250501,2336,0,0,531101,130,0216,00,軽油　　　　　　　　,0,1,+0000100.00,+0000100.00,+0000124.70,+0000092.60,+00012470,+00009260,+00000926,+00013396,+00003210,　　　　,   ,　,      ,群馬県　,前橋市　　　,亀里町　　　,0,0
0001,20250531,584108206874,1,584108206874100      ,       ,            ,株式会社関東隆商運輸　　　　　　　　　　　　　　,0,5501,                         ,　　　　　　　　　　　　　　　　　　　　　　　　,3206372,上武道深谷バイパスＴＳ　　　　,20250502,2233,0,0,285601,310,8790,00,大型洗車　　　　　　,0,1,+0000001.00,+0000001.00,+0000100.00,+0000100.00,+00000100,+00000100,+00000010,+00000110,+00000000,　　　　,   ,　,      ,埼玉県　,熊谷市　　　,西別府　　　,0,0
0001,20250531,584108206874,1,584108206874100      ,       ,            ,株式会社関東隆商運輸　　　　　　　　　　　　　　,0,5501,                         ,　　　　　　　　　　　　　　　　　　　　　　　　,3206372,上武道深谷バイパスＴＳ　　　　,20250502,2233,0,0,285602,310,6449,00,洗車関連　　　　　　,0,1,+0000001.00,+0000001.00,+0000100.00,+0000100.00,+00000100,+00000100,+00000010,+00000110,+00000000,　　　　,   ,　,      ,埼玉県　,熊谷市　　　,西別府　　　,0,0
0001,20250531,584108206874,1,584108206874100      ,       ,            ,株式会社関東隆商運輸　　　　　　　　　　　　　　,0,5501,                         ,　　　　　　　　　　　　　　　　　　　　　　　　,3206372,上武道深谷バイパスＴＳ　　　　,20250503,2224,0,0,367401,130,0216,00,軽油　　　　　　　　,0,1,+0000098.00,+0000098.00,+0000124.70,+0000092.60,+00012220,+00009075,+00000908,+00013128,+00003145,　　　　,   ,　,      ,埼玉県　,熊谷市　　　,西別府　　　,0,0
0001,20250531,584108206874,1,584108206874100      ,       ,            ,株式会社関東隆商運輸　　　　　　　　　　　　　　,0,5501,                         ,　　　　　　　　　　　　　　　　　　　　　　　　,4204533,高崎インター東ＴＳ　　　　　　,20250505,2117,0,0,658001,130,0216,00,軽油　　　　　　　　,0,1,+0000085.00,+0000085.00,+0000124.70,+0000092.60,+00010599,+00007871,+00000787,+00011386,+00002728,　　　　,   ,　,      ,群馬県　,前橋市　　　,亀里町　　　,0,0
0001,20250531,584108206874,1,584108206874100      ,       ,            ,株式会社関東隆商運輸　　　　　　　　　　　　　　,0,5501,                         ,　　　　　　　　　　　　　　　　　　　　　　　　,3206372,上武道深谷バイパスＴＳ　　　　,20250516,2222,0,0,483401,130,0216,00,軽油　　　　　　　　,0,1,+0000108.00,+0000108.00,+0000124.70,+0000092.60,+00013467,+00010001,+00001000,+00014467,+00003466,　　　　,   ,　,      ,埼玉県　,熊谷市　　　,西別府　　　,0,0
0001,20250531,584108206874,1,584108206874100      ,       ,            ,株式会社関東隆商運輸　　　　　　　　　　　　　　,0,5501,                         ,　　　　　　　　　　　　　　　　　　　　　　　　,4204533,高崎インター東ＴＳ　　　　　　,20250523,1309,0,0,599001,130,0216,00,軽油　　　　　　　　,0,1,+0000100.00,+0000100.00,+0000124.70,+0000092.60,+00012470,+00009260,+00000926,+00013396,+00003210,　　　　,   ,　,      ,群馬県　,前橋市　　　,亀里町　　　,0,0
0001,20250531,584108206874,1,584108206874100      ,       ,            ,株式会社関東隆商運輸　　　　　　　　　　　　　　,0,5501,                         ,　　　　　　　　　　　　　　　　　　　　　　　　,4204533,高崎インター東ＴＳ　　　　　　,20250529,2242,0,0,133001,130,0216,00,軽油　　　　　　　　,0,1,+0000096.00,+0000096.00,+0000124.70,+0000092.60,+00011971,+00008890,+00000889,+00012860,+00003081,　　　　,   ,　,      ,群馬県　,前橋市　　　,亀里町　　　,0,0
0001,20250531,584108206874,1,584108206874100      ,       ,            ,株式会社関東隆商運輸　　　　　　　　　　　　　　,0,5665,                         ,　　　　　　　　　　　　　　　　　　　　　　　　,3206372,上武道深谷バイパスＴＳ　　　　,20250507,2208,0,0,611901,130,0216,00,軽油　　　　　　　　,0,1,+0000093.00,+0000093.00,+0000124.70,+0000092.60,+00011597,+00008612,+00000861,+00012458,+00002985,　　　　,   ,　,      ,埼玉県　,熊谷市　　　,西別府　　　,0,0
0001,20250531,584108206874,1,584108206874100      ,       ,            ,株式会社関東隆商運輸　　　　　　　　　　　　　　,0,5665,                         ,　　　　　　　　　　　　　　　　　　　　　　　　,3206372,上武道深谷バイパスＴＳ　　　　,20250507,2210,0,0,612301,310,8790,00,大型洗車　　　　　　,0,1,+0000001.00,+0000001.00,+0000100.00,+0000100.00,+00000100,+00000100,+00000010,+00000110,+00000000,　　　　,   ,　,      ,埼玉県　,熊谷市　　　,西別府　　　,0,0
0001,20250531,584108206874,1,584108206874100      ,       ,            ,株式会社関東隆商運輸　　　　　　　　　　　　　　,0,5665,                         ,　　　　　　　　　　　　　　　　　　　　　　　　,3206372,上武道深谷バイパスＴＳ　　　　,20250509,2250,0,0,729901,130,0216,00,軽油　　　　　　　　,0,1,+0000119.00,+0000119.00,+0000124.70,+0000092.60,+00014839,+00011020,+00001102,+00015941,+00003819,　　　　,   ,　,      ,埼玉県　,熊谷市　　　,西別府　　　,0,0
0001,20250531,584108206874,1,584108206874100      ,       ,            ,株式会社関東隆商運輸　　　　　　　　　　　　　　,0,5665,                         ,　　　　　　　　　　　　　　　　　　　　　　　　,3206372,上武道深谷バイパスＴＳ　　　　,20250511,2234,0,0,162801,130,0216,00,軽油　　　　　　　　,0,1,+0000126.00,+0000126.00,+0000124.70,+0000092.60,+00015712,+00011668,+00001167,+00016879,+00004044,　　　　,   ,　,      ,埼玉県　,熊谷市　　　,西別府　　　,0,0
0001,20250531,584108206874,1,584108206874100      ,       ,            ,株式会社関東隆商運輸　　　　　　　　　　　　　　,0,5665,                         ,　　　　　　　　　　　　　　　　　　　　　　　　,3206372,上武道深谷バイパスＴＳ　　　　,20250515,2219,0,0,416501,130,0216,00,軽油　　　　　　　　,0,1,+0000119.00,+0000119.00,+0000124.70,+0000092.60,+00014839,+00011020,+00001102,+00015941,+00003819,　　　　,   ,　,      ,埼玉県　,熊谷市　　　,西別府　　　,0,0
0001,20250531,584108206874,1,584108206874100      ,       ,            ,株式会社関東隆商運輸　　　　　　　　　　　　　　,0,5665,                         ,　　　　　　　　　　　　　　　　　　　　　　　　,3206372,上武道深谷バイパスＴＳ　　　　,20250517,2245,0,0,543901,130,0216,00,軽油　　　　　　　　,0,1,+0000122.00,+0000122.00,+0000124.70,+0000092.60,+00015213,+00011297,+00001130,+00016343,+00003916,　　　　,   ,　,      ,埼玉県　,熊谷市　　　,西別府　　　,0,0
0001,20250531,584108206874,1,584108206874100      ,       ,            ,株式会社関東隆商運輸　　　　　　　　　　　　　　,0,5665,                         ,　　　　　　　　　　　　　　　　　　　　　　　　,3206372,上武道深谷バイパスＴＳ　　　　,20250519,2156,0,0,671901,130,0216,00,軽油　　　　　　　　,0,1,+0000129.00,+0000129.00,+0000124.70,+0000092.60,+00016086,+00011946,+00001195,+00017281,+00004140,　　　　,   ,　,      ,埼玉県　,熊谷市　　　,西別府　　　,0,0
0001,20250531,584108206874,1,584108206874100      ,       ,            ,株式会社関東隆商運輸　　　　　　　　　　　　　　,0,5665,                         ,　　　　　　　　　　　　　　　　　　　　　　　　,3206372,上武道深谷バイパスＴＳ　　　　,20250523,2230,0,0,241101,130,0216,00,軽油　　　　　　　　,0,1,+0000113.00,+0000113.00,+0000124.70,+0000092.60,+00014091,+00010464,+00001046,+00015137,+00003627,　　　　,   ,　,      ,埼玉県　,熊谷市　　　,西別府　　　,0,0
0001,20250531,584108206874,1,584108206874100      ,       ,            ,株式会社関東隆商運輸　　　　　　　　　　　　　　,0,5665,                         ,　　　　　　　　　　　　　　　　　　　　　　　　,3206372,上武道深谷バイパスＴＳ　　　　,20250525,2239,0,0,392101,130,0216,00,軽油　　　　　　　　,0,1,+0000114.00,+0000114.00,+0000124.70,+0000092.60,+00014215,+00010556,+00001056,+00015271,+00003659,　　　　,   ,　,      ,埼玉県　,熊谷市　　　,西別府　　　,0,0
0001,20250531,584108206874,1,584108206874100      ,       ,            ,株式会社関東隆商運輸　　　　　　　　　　　　　　,0,5665,                         ,　　　　　　　　　　　　　　　　　　　　　　　　,3206372,上武道深谷バイパスＴＳ　　　　,20250529,2201,0,0,632201,130,0216,00,軽油　　　　　　　　,0,1,+0000122.00,+0000122.00,+0000124.70,+0000092.60,+00015213,+00011297,+00001130,+00016343,+00003916,　　　　,   ,　,      ,埼玉県　,熊谷市　　　,西別府　　　,0,0
0001,20250531,584108206874,1,584108206874100      ,       ,            ,株式会社関東隆商運輸　　　　　　　　　　　　　　,0,6113,                         ,　　　　　　　　　　　　　　　　　　　　　　　　,3206372,上武道深谷バイパスＴＳ　　　　,20250501,2223,0,0,233501,130,0216,00,軽油　　　　　　　　,0,1,+0000119.00,+0000119.00,+0000124.70,+0000092.60,+00014839,+00011020,+00001102,+00015941,+00003819,　　　　,   ,　,      ,埼玉県　,熊谷市　　　,西別府　　　,0,0
0001,20250531,584108206874,1,584108206874100      ,       ,            ,株式会社関東隆商運輸　　　　　　　　　　　　　　,0,6113,                         ,　　　　　　　　　　　　　　　　　　　　　　　　,3206372,上武道深谷バイパスＴＳ　　　　,20250504,2337,0,0,441601,130,0216,00,軽油　　　　　　　　,0,1,+0000115.00,+0000115.00,+0000124.70,+0000092.60,+00014340,+00010649,+00001065,+00015405,+00003691,　　　　,   ,　,      ,埼玉県　,熊谷市　　　,西別府　　　,0,0
0001,20250531,584108206874,1,584108206874100      ,       ,            ,株式会社関東隆商運輸　　　　　　　　　　　　　　,0,6113,                         ,　　　　　　　　　　　　　　　　　　　　　　　　,3206372,上武道深谷バイパスＴＳ　　　　,20250506,2244,0,0,555101,130,0216,00,軽油　　　　　　　　,0,1,+0000120.00,+0000120.00,+0000124.70,+0000092.60,+00014964,+00011112,+00001111,+00016075,+00003852,　　　　,   ,　,      ,埼玉県　,熊谷市　　　,西別府　　　,0,0
0001,20250531,584108206874,1,584108206874100      ,       ,            ,株式会社関東隆商運輸　　　　　　　　　　　　　　,0,6113,                         ,　　　　　　　　　　　　　　　　　　　　　　　　,3206372,上武道深谷バイパスＴＳ　　　　,20250508,2237,0,0,671701,130,0216,00,軽油　　　　　　　　,0,1,+0000127.00,+0000127.00,+0000124.70,+0000092.60,+00015836,+00011760,+00001176,+00017012,+00004076,　　　　,   ,　,      ,埼玉県　,熊谷市　　　,西別府　　　,0,0
0001,20250531,584108206874,1,584108206874100      ,       ,            ,株式会社関東隆商運輸　　　　　　　　　　　　　　,0,6113,                         ,　　　　　　　　　　　　　　　　　　　　　　　　,3206372,上武道深谷バイパスＴＳ　　　　,20250511,2223,0,0,162001,130,0216,00,軽油　　　　　　　　,0,1,+0000112.00,+0000112.00,+0000124.70,+0000092.60,+00013966,+00010371,+00001037,+00015003,+00003595,　　　　,   ,　,      ,埼玉県　,熊谷市　　　,西別府　　　,0,0
0001,20250531,584108206874,1,584108206874100      ,       ,            ,株式会社関東隆商運輸　　　　　　　　　　　　　　,0,6113,                         ,　　　　　　　　　　　　　　　　　　　　　　　　,3206372,上武道深谷バイパスＴＳ　　　　,20250513,2225,0,0,284501,130,0216,00,軽油　　　　　　　　,0,1,+0000114.00,+0000114.00,+0000124.70,+0000092.60,+00014215,+00010556,+00001056,+00015271,+00003659,　　　　,   ,　,      ,埼玉県　,熊谷市　　　,西別府　　　,0,0
0001,20250531,584108206874,1,584108206874100      ,       ,            ,株式会社関東隆商運輸　　　　　　　　　　　　　　,0,6113,                         ,　　　　　　　　　　　　　　　　　　　　　　　　,3206372,上武道深谷バイパスＴＳ　　　　,20250515,2148,0,0,415401,130,0216,00,軽油　　　　　　　　,0,1,+0000129.00,+0000129.00,+0000124.70,+0000092.60,+00016086,+00011946,+00001195,+00017281,+00004140,　　　　,   ,　,      ,埼玉県　,熊谷市　　　,西別府　　　,0,0
0001,20250531,584108206874,1,584108206874100      ,       ,            ,株式会社関東隆商運輸　　　　　　　　　　　　　　,0,6113,                         ,　　　　　　　　　　　　　　　　　　　　　　　　,3206372,上武道深谷バイパスＴＳ　　　　,20250518,2217,0,0,616201,130,0216,00,軽油　　　　　　　　,0,1,+0000122.00,+0000122.00,+0000124.70,+0000092.60,+00015213,+00011297,+00001130,+00016343,+00003916,　　　　,   ,　,      ,埼玉県　,熊谷市　　　,西別府　　　,0,0
0001,20250531,584108206874,1,584108206874100      ,       ,            ,株式会社関東隆商運輸　　　　　　　　　　　　　　,0,6113,                         ,　　　　　　　　　　　　　　　　　　　　　　　　,3206372,上武道深谷バイパスＴＳ　　　　,20250520,2245,0,0,743901,130,0216,00,軽油　　　　　　　　,0,1,+0000117.00,+0000117.00,+0000124.70,+0000092.60,+00014589,+00010834,+00001083,+00015672,+00003755,　　　　,   ,　,      ,埼玉県　,熊谷市　　　,西別府　　　,0,0
0001,20250531,584108206874,1,584108206874100      ,       ,            ,株式会社関東隆商運輸　　　　　　　　　　　　　　,0,6113,                         ,　　　　　　　　　　　　　　　　　　　　　　　　,3206372,上武道深谷バイパスＴＳ　　　　,20250522,2220,0,0,169401,130,0216,00,軽油　　　　　　　　,0,1,+0000130.00,+0000130.00,+0000124.70,+0000092.60,+00016211,+00012038,+00001204,+00017415,+00004173,　　　　,   ,　,      ,埼玉県　,熊谷市　　　,西別府　　　,0,0
0001,20250531,584108206874,1,584108206874100      ,       ,            ,株式会社関東隆商運輸　　　　　　　　　　　　　　,0,6113,                         ,　　　　　　　　　　　　　　　　　　　　　　　　,3206372,上武道深谷バイパスＴＳ　　　　,20250525,2236,0,0,392001,130,0216,00,軽油　　　　　　　　,0,1,+0000121.00,+0000121.00,+0000124.70,+0000092.60,+00015088,+00011204,+00001120,+00016208,+00003884,　　　　,   ,　,      ,埼玉県　,熊谷市　　　,西別府　　　,0,0
0001,20250531,584108206874,1,584108206874100      ,       ,            ,株式会社関東隆商運輸　　　　　　　　　　　　　　,0,6113,                         ,　　　　　　　　　　　　　　　　　　　　　　　　,4204533,高崎インター東ＴＳ　　　　　　,20250527,2313,0,0,757601,130,0216,00,軽油　　　　　　　　,0,1,+0000119.00,+0000119.00,+0000124.70,+0000092.60,+00014839,+00011020,+00001102,+00015941,+00003819,　　　　,   ,　,      ,群馬県　,前橋市　　　,亀里町　　　,0,0
0001,20250531,584108206874,1,584108206874100      ,       ,            ,株式会社関東隆商運輸　　　　　　　　　　　　　　,0,6113,                         ,　　　　　　　　　　　　　　　　　　　　　　　　,3206372,上武道深谷バイパスＴＳ　　　　,20250529,2223,0,0,633001,130,0216,00,軽油　　　　　　　　,0,1,+0000110.00,+0000110.00,+0000124.70,+0000092.60,+00013717,+00010186,+00001019,+00014736,+00003531,　　　　,   ,　,      ,埼玉県　,熊谷市　　　,西別府　　　,0,0
0001,20250531,584108206874,1,584108206874100      ,       ,            ,株式会社関東隆商運輸　　　　　　　　　　　　　　,0,6277,                         ,　　　　　　　　　　　　　　　　　　　　　　　　,0101437,安中下りＴＳ　　　　　　　　　,20250501,0305,0,0,234201,130,0216,00,軽油　　　　　　　　,0,1,+0000278.00,+0000278.00,+0000124.70,+0000092.60,+00034666,+00025743,+00002574,+00037240,+00008923,　　　　,   ,　,      ,群馬県　,安中市　　　,郷原　　　　,0,0
0001,20250531,584108206874,1,584108206874100      ,       ,            ,株式会社関東隆商運輸　　　　　　　　　　　　　　,0,6277,                         ,　　　　　　　　　　　　　　　　　　　　　　　　,0101437,安中下りＴＳ　　　　　　　　　,20250504,0314,0,0,446301,130,0216,00,軽油　　　　　　　　,0,1,+0000195.00,+0000195.00,+0000124.70,+0000092.60,+00024316,+00018057,+00001806,+00026122,+00006259,　　　　,   ,　,      ,群馬県　,安中市　　　,郷原　　　　,0,0
0001,20250531,584108206874,1,584108206874100      ,       ,            ,株式会社関東隆商運輸　　　　　　　　　　　　　　,0,6277,                         ,　　　　　　　　　　　　　　　　　　　　　　　　,0101437,安中下りＴＳ　　　　　　　　　,20250504,0317,0,0,446401,310,8791,00,シャンプー洗車（大型,0,1,+0000001.00,+0000001.00,+0000100.00,+0000100.00,+00000100,+00000100,+00000010,+00000110,+00000000,　　　　,   ,　,      ,群馬県　,安中市　　　,郷原　　　　,0,0
0001,20250531,584108206874,1,584108206874100      ,       ,            ,株式会社関東隆商運輸　　　　　　　　　　　　　　,0,6277,                         ,　　　　　　　　　　　　　　　　　　　　　　　　,0101437,安中下りＴＳ　　　　　　　　　,20250505,0251,0,0,518201,310,8791,00,シャンプー洗車（大型,0,1,+0000001.00,+0000001.00,+0000100.00,+0000100.00,+00000100,+00000100,+00000010,+00000110,+00000000,　　　　,   ,　,      ,群馬県　,安中市　　　,郷原　　　　,0,0
0001,20250531,584108206874,1,584108206874100      ,       ,            ,株式会社関東隆商運輸　　　　　　　　　　　　　　,0,6277,                         ,　　　　　　　　　　　　　　　　　　　　　　　　,0101437,安中下りＴＳ　　　　　　　　　,20250506,0301,0,0,590301,130,0216,00,軽油　　　　　　　　,0,1,+0000239.00,+0000239.00,+0000124.70,+0000092.60,+00029803,+00022132,+00002213,+00032016,+00007671,　　　　,   ,　,      ,群馬県　,安中市　　　,郷原　　　　,0,0
0001,20250531,584108206874,1,584108206874100      ,       ,            ,株式会社関東隆商運輸　　　　　　　　　　　　　　,0,6277,                         ,　　　　　　　　　　　　　　　　　　　　　　　　,0101437,安中下りＴＳ　　　　　　　　　,20250506,0304,0,0,590401,310,8791,00,シャンプー洗車（大型,0,1,+0000001.00,+0000001.00,+0000100.00,+0000100.00,+00000100,+00000100,+00000010,+00000110,+00000000,　　　　,   ,　,      ,群馬県　,安中市　　　,郷原　　　　,0,0
0001,20250531,584108206874,1,584108206874100      ,       ,            ,株式会社関東隆商運輸　　　　　　　　　　　　　　,0,6277,                         ,　　　　　　　　　　　　　　　　　　　　　　　　,0101437,安中下りＴＳ　　　　　　　　　,20250508,0251,0,0,712101,130,0216,00,軽油　　　　　　　　,0,1,+0000282.00,+0000282.00,+0000124.70,+0000092.60,+00035165,+00026113,+00002611,+00037776,+00009052,　　　　,   ,　,      ,群馬県　,安中市　　　,郷原　　　　,0,0
0001,20250531,584108206874,1,584108206874100      ,       ,            ,株式会社関東隆商運輸　　　　　　　　　　　　　　,0,6277,                         ,　　　　　　　　　　　　　　　　　　　　　　　　,0101437,安中下りＴＳ　　　　　　　　　,20250508,0257,0,0,712301,310,8791,00,シャンプー洗車（大型,0,1,+0000001.00,+0000001.00,+0000100.00,+0000100.00,+00000100,+00000100,+00000010,+00000110,+00000000,　　　　,   ,　,      ,群馬県　,安中市　　　,郷原　　　　,0,0
0001,20250531,584108206874,1,584108206874100      ,       ,            ,株式会社関東隆商運輸　　　　　　　　　　　　　　,0,6277,                         ,　　　　　　　　　　　　　　　　　　　　　　　　,0101437,安中下りＴＳ　　　　　　　　　,20250511,0301,0,0,220401,130,0216,00,軽油　　　　　　　　,0,1,+0000190.00,+0000190.00,+0000124.70,+0000092.60,+00023693,+00017594,+00001759,+00025452,+00006099,　　　　,   ,　,      ,群馬県　,安中市　　　,郷原　　　　,0,0
0001,20250531,584108206874,1,584108206874100      ,       ,            ,株式会社関東隆商運輸　　　　　　　　　　　　　　,0,6277,                         ,　　　　　　　　　　　　　　　　　　　　　　　　,0101437,安中下りＴＳ　　　　　　　　　,20250512,0256,0,0,282201,310,8791,00,シャンプー洗車（大型,0,1,+0000001.00,+0000001.00,+0000100.00,+0000100.00,+00000100,+00000100,+00000010,+00000110,+00000000,　　　　,   ,　,      ,群馬県　,安中市　　　,郷原　　　　,0,0
0001,20250531,584108206874,1,584108206874100      ,       ,            ,株式会社関東隆商運輸　　　　　　　　　　　　　　,0,6277,                         ,　　　　　　　　　　　　　　　　　　　　　　　　,0101437,安中下りＴＳ　　　　　　　　　,20250513,0302,0,0,340501,130,0216,00,軽油　　　　　　　　,0,1,+0000282.00,+0000282.00,+0000124.70,+0000092.60,+00035165,+00026113,+00002611,+00037776,+00009052,　　　　,   ,　,      ,群馬県　,安中市　　　,郷原　　　　,0,0
0001,20250531,584108206874,1,584108206874100      ,       ,            ,株式会社関東隆商運輸　　　　　　　　　　　　　　,0,6277,                         ,　　　　　　　　　　　　　　　　　　　　　　　　,0101437,安中下りＴＳ　　　　　　　　　,20250513,0304,0,0,340601,310,8791,00,シャンプー洗車（大型,0,1,+0000001.00,+0000001.00,+0000100.00,+0000100.00,+00000100,+00000100,+00000010,+00000110,+00000000,　　　　,   ,　,      ,群馬県　,安中市　　　,郷原　　　　,0,0
0001,20250531,584108206874,1,584108206874100      ,       ,            ,株式会社関東隆商運輸　　　　　　　　　　　　　　,0,6277,                         ,　　　　　　　　　　　　　　　　　　　　　　　　,0101437,安中下りＴＳ　　　　　　　　　,20250515,0255,0,0,472401,130,0216,00,軽油　　　　　　　　,0,1,+0000256.00,+0000256.00,+0000124.70,+0000092.60,+00031923,+00023706,+00002371,+00034294,+00008217,　　　　,   ,　,      ,群馬県　,安中市　　　,郷原　　　　,0,0
0001,20250531,584108206874,1,584108206874100      ,       ,            ,株式会社関東隆商運輸　　　　　　　　　　　　　　,0,6277,                         ,　　　　　　　　　　　　　　　　　　　　　　　　,0101437,安中下りＴＳ　　　　　　　　　,20250515,0306,0,0,472801,310,8792,00,ワックス洗車（大型）,0,1,+0000001.00,+0000001.00,+0001500.00,+0001500.00,+00001500,+00001500,+00000150,+00001650,+00000000,　　　　,   ,　,      ,群馬県　,安中市　　　,郷原　　　　,0,0
0001,20250531,584108206874,1,584108206874100      ,       ,            ,株式会社関東隆商運輸　　　　　　　　　　　　　　,0,6277,                         ,　　　　　　　　　　　　　　　　　　　　　　　　,0101437,安中下りＴＳ　　　　　　　　　,20250518,0257,0,0,652501,130,0216,00,軽油　　　　　　　　,0,1,+0000207.00,+0000207.00,+0000124.70,+0000092.60,+00025812,+00019168,+00001917,+00027729,+00006644,　　　　,   ,　,      ,群馬県　,安中市　　　,郷原　　　　,0,0
0001,20250531,584108206874,1,584108206874100      ,       ,            ,株式会社関東隆商運輸　　　　　　　　　　　　　　,0,6277,                         ,　　　　　　　　　　　　　　　　　　　　　　　　,0101437,安中下りＴＳ　　　　　　　　　,20250518,0303,0,0,652701,310,8791,00,シャンプー洗車（大型,0,1,+0000001.00,+0000001.00,+0000100.00,+0000100.00,+00000100,+00000100,+00000010,+00000110,+00000000,　　　　,   ,　,      ,群馬県　,安中市　　　,郷原　　　　,0,0
0001,20250531,584108206874,1,584108206874100      ,       ,            ,株式会社関東隆商運輸　　　　　　　　　　　　　　,0,6277,                         ,　　　　　　　　　　　　　　　　　　　　　　　　,0101437,安中下りＴＳ　　　　　　　　　,20250520,0256,0,0,774701,130,0216,00,軽油　　　　　　　　,0,1,+0000260.00,+0000260.00,+0000124.70,+0000092.60,+00032422,+00024076,+00002408,+00034830,+00008346,　　　　,   ,　,      ,群馬県　,安中市　　　,郷原　　　　,0,0
0001,20250531,584108206874,1,584108206874100      ,       ,            ,株式会社関東隆商運輸　　　　　　　　　　　　　　,0,6277,                         ,　　　　　　　　　　　　　　　　　　　　　　　　,0101437,安中下りＴＳ　　　　　　　　　,20250520,0303,0,0,774901,310,8791,00,シャンプー洗車（大型,0,1,+0000001.00,+0000001.00,+0000100.00,+0000100.00,+00000100,+00000100,+00000010,+00000110,+00000000,　　　　,   ,　,      ,群馬県　,安中市　　　,郷原　　　　,0,0
0001,20250531,584108206874,1,584108206874100      ,       ,            ,株式会社関東隆商運輸　　　　　　　　　　　　　　,0,6277,                         ,　　　　　　　　　　　　　　　　　　　　　　　　,0101437,安中下りＴＳ　　　　　　　　　,20250522,0259,0,0,203301,130,0216,00,軽油　　　　　　　　,0,1,+0000301.00,+0000301.00,+0000124.70,+0000092.60,+00037534,+00027872,+00002787,+00040321,+00009662,　　　　,   ,　,      ,群馬県　,安中市　　　,郷原　　　　,0,0
0001,20250531,584108206874,1,584108206874100      ,       ,            ,株式会社関東隆商運輸　　　　　　　　　　　　　　,0,6277,                         ,　　　　　　　　　　　　　　　　　　　　　　　　,0101437,安中下りＴＳ　　　　　　　　　,20250522,0304,0,0,203401,310,8791,00,シャンプー洗車（大型,0,1,+0000001.00,+0000001.00,+0000100.00,+0000100.00,+00000100,+00000100,+00000010,+00000110,+00000000,　　　　,   ,　,      ,群馬県　,安中市　　　,郷原　　　　,0,0
0001,20250531,584108206874,1,584108206874100      ,       ,            ,株式会社関東隆商運輸　　　　　　　　　　　　　　,0,6277,                         ,　　　　　　　　　　　　　　　　　　　　　　　　,0101437,安中下りＴＳ　　　　　　　　　,20250525,0258,0,0,407901,130,0216,00,軽油　　　　　　　　,0,1,+0000190.00,+0000190.00,+0000124.70,+0000092.60,+00023693,+00017594,+00001759,+00025452,+00006099,　　　　,   ,　,      ,群馬県　,安中市　　　,郷原　　　　,0,0
0001,20250531,584108206874,1,584108206874100      ,       ,            ,株式会社関東隆商運輸　　　　　　　　　　　　　　,0,6277,                         ,　　　　　　　　　　　　　　　　　　　　　　　　,0101437,安中下りＴＳ　　　　　　　　　,20250526,0251,0,0,481201,310,8791,00,シャンプー洗車（大型,0,1,+0000001.00,+0000001.00,+0000100.00,+0000100.00,+00000100,+00000100,+00000010,+00000110,+00000000,　　　　,   ,　,      ,群馬県　,安中市　　　,郷原　　　　,0,0
0001,20250531,584108206874,1,584108206874100      ,       ,            ,株式会社関東隆商運輸　　　　　　　　　　　　　　,0,6277,                         ,　　　　　　　　　　　　　　　　　　　　　　　　,0101437,安中下りＴＳ　　　　　　　　　,20250527,0254,0,0,542801,130,0216,00,軽油　　　　　　　　,0,1,+0000276.00,+0000276.00,+0000124.70,+0000092.60,+00034417,+00025558,+00002556,+00036973,+00008859,　　　　,   ,　,      ,群馬県　,安中市　　　,郷原　　　　,0,0
0001,20250531,584108206874,1,584108206874100      ,       ,            ,株式会社関東隆商運輸　　　　　　　　　　　　　　,0,6277,                         ,　　　　　　　　　　　　　　　　　　　　　　　　,0101437,安中下りＴＳ　　　　　　　　　,20250528,0247,0,0,605201,310,8791,00,シャンプー洗車（大型,0,1,+0000001.00,+0000001.00,+0000100.00,+0000100.00,+00000100,+00000100,+00000010,+00000110,+00000000,　　　　,   ,　,      ,群馬県　,安中市　　　,郷原　　　　,0,0
0001,20250531,584108206874,1,584108206874100      ,       ,            ,株式会社関東隆商運輸　　　　　　　　　　　　　　,0,6277,                         ,　　　　　　　　　　　　　　　　　　　　　　　　,0101437,安中下りＴＳ　　　　　　　　　,20250529,0257,0,0,667801,130,0216,00,軽油　　　　　　　　,0,1,+0000257.00,+0000257.00,+0000124.70,+0000092.60,+00032047,+00023798,+00002380,+00034427,+00008249,　　　　,   ,　,      ,群馬県　,安中市　　　,郷原　　　　,0,0
0001,20250531,584108206874,1,584108206874100      ,       ,            ,株式会社関東隆商運輸　　　　　　　　　　　　　　,0,6277,                         ,　　　　　　　　　　　　　　　　　　　　　　　　,0101437,安中下りＴＳ　　　　　　　　　,20250529,0302,0,0,667901,310,8791,00,シャンプー洗車（大型,0,1,+0000001.00,+0000001.00,+0000100.00,+0000100.00,+00000100,+00000100,+00000010,+00000110,+00000000,　　　　,   ,　,      ,群馬県　,安中市　　　,郷原　　　　,0,0
0001,20250531,584108206874,1,584108206874100      ,       ,            ,株式会社関東隆商運輸　　　　　　　　　　　　　　,0,6565,                         ,　　　　　　　　　　　　　　　　　　　　　　　　,0101437,安中下りＴＳ　　　　　　　　　,20250502,0318,0,2,306201,130,0216,00,軽油　　　　　　　　,0,1,+0000024.84,+0000024.84,+0000123.70,+0000091.60,+00003072,+00002275,+00000228,+00003300,+00000797,　　　　,   ,　,      ,群馬県　,安中市　　　,郷原　　　　,0,0
0001,20250531,584108206874,1,584108206874100      ,       ,            ,株式会社関東隆商運輸　　　　　　　　　　　　　　,0,6565,                         ,　　　　　　　　　　　　　　　　　　　　　　　　,0101437,安中下りＴＳ　　　　　　　　　,20250502,0321,0,2,306501,130,0216,00,軽油　　　　　　　　,0,1,+0000014.18,+0000014.18,+0000123.70,+0000091.60,+00001754,+00001299,+00000130,+00001884,+00000455,　　　　,   ,　,      ,群馬県　,安中市　　　,郷原　　　　,0,0
0001,20250531,584108206874,1,584108206874100      ,       ,            ,株式会社関東隆商運輸　　　　　　　　　　　　　　,0,6565,                         ,　　　　　　　　　　　　　　　　　　　　　　　　,0101437,安中下りＴＳ　　　　　　　　　,20250513,0333,0,0,341301,130,0216,00,軽油　　　　　　　　,0,1,+0000043.00,+0000043.00,+0000124.70,+0000092.60,+00005362,+00003982,+00000398,+00005760,+00001380,　　　　,   ,　,      ,群馬県　,安中市　　　,郷原　　　　,0,0
0001,20250531,584108206874,1,584108206874100      ,       ,            ,株式会社関東隆商運輸　　　　　　　　　　　　　　,0,6565,                         ,　　　　　　　　　　　　　　　　　　　　　　　　,0101437,安中下りＴＳ　　　　　　　　　,20250520,0209,0,0,774001,130,0216,00,軽油　　　　　　　　,0,1,+0000047.00,+0000047.00,+0000124.70,+0000092.60,+00005860,+00004352,+00000435,+00006295,+00001508,　　　　,   ,　,      ,群馬県　,安中市　　　,郷原　　　　,0,0
0001,20250531,584108206874,1,584108206874100      ,       ,            ,株式会社関東隆商運輸　　　　　　　　　　　　　　,0,6565,                         ,　　　　　　　　　　　　　　　　　　　　　　　　,0101437,安中下りＴＳ　　　　　　　　　,20250527,0226,0,0,542501,130,0216,00,軽油　　　　　　　　,0,1,+0000045.00,+0000045.00,+0000124.70,+0000092.60,+00005611,+00004167,+00000417,+00006028,+00001444,　　　　,   ,　,      ,群馬県　,安中市　　　,郷原　　　　,0,0
0001,20250531,584108206874,1,584108206874100      ,       ,            ,株式会社関東隆商運輸　　　　　　　　　　　　　　,0,7087,                         ,　　　　　　　　　　　　　　　　　　　　　　　　,4204533,高崎インター東ＴＳ　　　　　　,20250503,0257,0,0,570001,130,0216,00,軽油　　　　　　　　,0,1,+0000085.00,+0000085.00,+0000124.70,+0000092.60,+00010599,+00007871,+00000787,+00011386,+00002728,　　　　,   ,　,      ,群馬県　,前橋市　　　,亀里町　　　,0,0
0001,20250531,584108206874,1,584108206874100      ,       ,            ,株式会社関東隆商運輸　　　　　　　　　　　　　　,0,7087,                         ,　　　　　　　　　　　　　　　　　　　　　　　　,4204533,高崎インター東ＴＳ　　　　　　,20250514,0256,0,0,241801,130,0216,00,軽油　　　　　　　　,0,1,+0000102.00,+0000102.00,+0000124.70,+0000092.60,+00012719,+00009445,+00000945,+00013664,+00003274,　　　　,   ,　,      ,群馬県　,前橋市　　　,亀里町　　　,0,0
0001,20250531,584108206874,1,584108206874100      ,       ,            ,株式会社関東隆商運輸　　　　　　　　　　　　　　,0,7087,                         ,　　　　　　　　　　　　　　　　　　　　　　　　,4204533,高崎インター東ＴＳ　　　　　　,20250518,0248,0,0,397401,130,0216,00,軽油　　　　　　　　,0,1,+0000092.00,+0000092.00,+0000124.70,+0000092.60,+00011472,+00008519,+00000852,+00012324,+00002953,　　　　,   ,　,      ,群馬県　,前橋市　　　,亀里町　　　,0,0
0001,20250531,584108206874,1,584108206874100      ,       ,            ,株式会社関東隆商運輸　　　　　　　　　　　　　　,0,7087,                         ,　　　　　　　　　　　　　　　　　　　　　　　　,4204533,高崎インター東ＴＳ　　　　　　,20250523,0422,0,0,584401,130,0216,00,軽油　　　　　　　　,0,1,+0000101.00,+0000101.00,+0000124.70,+0000092.60,+00012594,+00009352,+00000935,+00013529,+00003242,　　　　,   ,　,      ,群馬県　,前橋市　　　,亀里町　　　,0,0
0001,20250531,584108206874,1,584108206874100      ,       ,            ,株式会社関東隆商運輸　　　　　　　　　　　　　　,0,7087,                         ,　　　　　　　　　　　　　　　　　　　　　　　　,4204533,高崎インター東ＴＳ　　　　　　,20250528,0316,0,0,759101,130,0216,00,軽油　　　　　　　　,0,1,+0000096.00,+0000096.00,+0000124.70,+0000092.60,+00011971,+00008890,+00000889,+00012860,+00003081,　　　　,   ,　,      ,群馬県　,前橋市　　　,亀里町　　　,0,0
0001,20250531,584108206874,1,584108206874100      ,       ,            ,株式会社関東隆商運輸　　　　　　　　　　　　　　,0,7555,                         ,　　　　　　　　　　　　　　　　　　　　　　　　,4204533,高崎インター東ＴＳ　　　　　　,20250510,0050,0,0,100801,130,0216,00,軽油　　　　　　　　,0,1,+0000190.00,+0000190.00,+0000124.70,+0000092.60,+00023693,+00017594,+00001759,+00025452,+00006099,　　　　,   ,　,      ,群馬県　,前橋市　　　,亀里町　　　,0,0
0001,20250531,584108206874,1,584108206874100      ,       ,            ,株式会社関東隆商運輸　　　　　　　　　　　　　　,0,7717,                         ,　　　　　　　　　　　　　　　　　　　　　　　　,4204533,高崎インター東ＴＳ　　　　　　,20250502,2120,0,0,562201,130,0216,00,軽油　　　　　　　　,0,1,+0000287.00,+0000287.00,+0000124.70,+0000092.60,+00035788,+00026576,+00002658,+00038446,+00009212,　　　　,   ,　,      ,群馬県　,前橋市　　　,亀里町　　　,0,0
0001,20250531,584108206874,1,584108206874100      ,       ,            ,株式会社関東隆商運輸　　　　　　　　　　　　　　,0,7717,                         ,　　　　　　　　　　　　　　　　　　　　　　　　,4204533,高崎インター東ＴＳ　　　　　　,20250502,2122,0,0,562401,310,8790,00,大型洗車　　　　　　,0,1,+0000001.00,+0000001.00,+0000100.00,+0000100.00,+00000100,+00000100,+00000010,+00000110,+00000000,　　　　,   ,　,      ,群馬県　,前橋市　　　,亀里町　　　,0,0
0001,20250531,584108206874,1,584108206874100      ,       ,            ,株式会社関東隆商運輸　　　　　　　　　　　　　　,0,8077,                         ,　　　　　　　　　　　　　　　　　　　　　　　　,3206372,上武道深谷バイパスＴＳ　　　　,20250506,1538,0,0,534501,130,0216,00,軽油　　　　　　　　,0,1,+0000278.00,+0000278.00,+0000124.70,+0000092.60,+00034666,+00025743,+00002574,+00037240,+00008923,　　　　,   ,　,      ,埼玉県　,熊谷市　　　,西別府　　　,0,0
0001,20250531,584108206874,1,584108206874100      ,       ,            ,株式会社関東隆商運輸　　　　　　　　　　　　　　,0,8077,                         ,　　　　　　　　　　　　　　　　　　　　　　　　,3206372,上武道深谷バイパスＴＳ　　　　,20250512,1709,0,0,198901,130,0216,00,軽油　　　　　　　　,0,1,+0000175.00,+0000175.00,+0000124.70,+0000092.60,+00021822,+00016205,+00001621,+00023443,+00005617,　　　　,   ,　,      ,埼玉県　,熊谷市　　　,西別府　　　,0,0
0001,20250531,584108206874,1,584108206874100      ,       ,            ,株式会社関東隆商運輸　　　　　　　　　　　　　　,0,8077,                         ,　　　　　　　　　　　　　　　　　　　　　　　　,3206372,上武道深谷バイパスＴＳ　　　　,20250520,1603,0,0,716401,130,0216,00,軽油　　　　　　　　,0,1,+0000286.00,+0000286.00,+0000124.70,+0000092.60,+00035664,+00026484,+00002648,+00038312,+00009180,　　　　,   ,　,      ,埼玉県　,熊谷市　　　,西別府　　　,0,0
0001,20250531,584108206874,1,584108206874100      ,       ,            ,株式会社関東隆商運輸　　　　　　　　　　　　　　,0,8077,                         ,　　　　　　　　　　　　　　　　　　　　　　　　,3206372,上武道深谷バイパスＴＳ　　　　,20250529,1616,0,0,609301,130,0216,00,軽油　　　　　　　　,0,1,+0000285.00,+0000285.00,+0000124.70,+0000092.60,+00035539,+00026391,+00002639,+00038178,+00009148,　　　　,   ,　,      ,埼玉県　,熊谷市　　　,西別府　　　,0,0
0001,20250531,584108206874,1,584108206874100      ,       ,            ,株式会社関東隆商運輸　　　　　　　　　　　　　　,0,8833,                         ,　　　　　　　　　　　　　　　　　　　　　　　　,3723236,ＥＦ　ＤＤセルフ東金台方店　　,20250506,0324,0,7,587801,130,0216,00,軽油　　　　　　　　,0,1,+0000124.00,+0000124.00,+0000124.70,+0000092.60,+00015462,+00011482,+00001148,+00016610,+00003980,　　　　,   ,　,      ,千葉県　,東金市　　　,台方　　　　,1,0
0001,20250531,584108206874,1,584108206874100      ,       ,            ,株式会社関東隆商運輸　　　　　　　　　　　　　　,0,8833,                         ,　　　　　　　　　　　　　　　　　　　　　　　　,3206372,上武道深谷バイパスＴＳ　　　　,20250513,2227,0,0,284801,130,0216,00,軽油　　　　　　　　,0,1,+0000102.00,+0000102.00,+0000124.70,+0000092.60,+00012719,+00009445,+00000945,+00013664,+00003274,　　　　,   ,　,      ,埼玉県　,熊谷市　　　,西別府　　　,0,0
0001,20250531,584108206874,0,                     ,       ,            ,株式会社関東隆商運輸　　　　　　　　　　　　　　,0,0000,                         ,　　　　　　　　　　　　　　　　　　　　　　　　,       ,　　　　　　　　　　　　　　　,00000000,0000,0,0,000000,000,9994,00,インボイス調整　　　,3,0,+0000000.00,+0000000.00,+0000000.00,+0000000.00,+00000000,+00000000,-00000006,-00000006,+00000000,　　　　,   ,　,      ,　　　　,　　　　　　,　　　　　　,0,0
